Resource Name,Barcode,Location
Mountain Bluebird (36-I),1645,A-1-1
Swainsons Thrush (37-I),8139,A-1-2
Brown Creeper (33-I),8138,A-1-3
White-Breasted Nuthatch (34-I),8137,A-1-4
American Goldfinch (5-J),2872,A-1-5
American Kestrel-M (12-J),2850,A-1-6
House Sparrow-F (8-J),2871,A-1-8
Northern Mockingbird (9-H),2883,A-1-9
Robin (4-H),1651,A-2-1
American Robin (7-H),2873,A-2-2
Varied Thrush (8-H),8133,A-2-3
Cedar Waxwing (10-H),1640,A-2-4
Yellow Warbler (11-H),1631,A-2-5
Yellow-rumped Warbler (12-H),2880,A-2-6
Rufous-Sided Towhee (13-H),1393,A-2-7
California Towhee (14-H),2512,A-3-1
Savannah Sparrow (15-H),1395,A-3-2
Song Sparrow (16-H),1397,A-3-3
Song Sparrow (17-H),1391,A-3-4
White-Crowned Sparrow (21-H),8136,A-3-5
Dark-eyed Junco (22-H),1616,A-3-6
Black-headed Grosbeak (23-H),1646,A-3-7
Red-winged Blackbird-M (24-H),2876,A-3-8
Red-winged Blackbird-F (25-H),2874,A-3-9
Tri-colored Blackbird (28-H),1608,A-4-1
Western Meadowlark (29-H),8134,A-4-2
Brewer's Blackbird (30-H),2870,A-4-3
Brewer's Blackbird (31-H),1617,A-4-4
Brown-headed Cowbird-F (33-H),1392,A-4-5
Brown-headed Cowbird (34-H),2882,A-4-6
House Finch (male+female w/eggs) (36-H),1630,A-4-7
Heart Model #7,1765,B-2-1
Heart Model #10,1764,B-2-2
Heart Model #9,4696,B-2-3
Lung Demonstration Model,1762,B-2-4
Human Pelvic Ball and Joint Model,2796,B-2-5
Stomach Model,1698,B-2-6
Skin Model,1760,B-3-1
Heart Model,1774,B-3-2
Heart Model,1768,B-3-3
Kidney Model,1783,B-3-4
Kidney Tubules Model,1782,B-3-5
Kidney Model,1781,B-3-6
Kidney Model,1780,B-3-7
Mitosis #1,1932,B-4-1
Mitosis #2,1931,B-4-2
Mitosis #3,1938,B-4-3
Mitosis #4,1937,B-4-4
Mitosis #5,1935,B-4-5
Mitosis #6,1936,B-4-6
Mitosis #7,1933,B-4-7
Mitosis #8,1939,B-4-8
Mitosis #9,1934,B-4-9
Cell Model,1928,B-4-10
Plant Cell,1944,B-4-11
Plant Cell Model,3692,B-4-12
Leaf Cross-Section,1942,B-4-13
Typical Cell Model,1940,B-5-1
Typical Cell Model,1925,B-5-2
Typical Cell Model,1926,B-5-3
Animal Cell Model,1929,B-5-4
Plant Cell Model,1930,B-5-5
Dicot Leaf Cross-Section,1941,B-5-6
Leaf Cross-Section,1943,B-5-7
Flower Model,4664,B-5-8
Eye Model,1690,B-6-1
Eye Model,1689,B-6-2
Eye Model,1687,B-6-3
Ear Model,1681,B-6-4
Ear Model,1682,B-6-5
Single Vertebrate Model with Nerves,1750,B-7-1
Teeth in Mandible,1667,B-7-2
Teeth in Mandible,1671,B-7-3
Spinal Cord and Nerves,1696,B-7-4
Tyodont Tooth Model,1668,B-7-5
Human Jaw- Upper and lower jaw model,1202,B-7-6
Tongue Model,1669,B-7-7
Brain Model in Head,1758,B-7-8
Brain Models,5293,B-7-9
Human Skull with Brain,1662,B-7-10
Large Tooth Brush,1674,B-7-11
Large Mouth Model,1678,B-7-11
Large Tooth Brush,1672,B-7-11
Large Mouth Model,1675,B-7-11
Turtle,8876,C-1-1
California Desert Tortoise Shell,9624,C-1-2
Male California Quail,1648,C-1-3
Black Turnstone,1624,C-1-4
Short-Billed Powitcher,1627,C-1-5
Dunlin,1626,C-1-6
Least Sandpiper,1625,C-1-7
Anna's Hummingbird,8140,C-1-8
Black-chinned Hummingbird,8141,C-1-9
Red-breasted Sapsucker (Sphyrapicus ruber),2869,C-1-10
Black Phoebe,2878,C-1-11
Say's Phoebe,2881,C-1-12
Loggerhead Shrike,1642,C-1-13
American Coot,1633,C-2-1
Yellow-Billed Magpie,8018,C-2-2
Common Murre,8034,C-2-3
Oriole Nest,1611,C-2-4
General Zoology Chart: Vertebrates (Birds),1620,C-2-5
General Zoology Chart: Vertebrates (Birds),1621,C-2-5
General Zoology Chart: Vertebrates (Birds),1622,C-2-5
The Human Body Chart,1177,C-2-6
The Human Body: Cranial Bones,5053,C-2-6
The Human Body: Sensory Organs,5054,C-2-6
Human Biology: Sensory Organs,5055,C-2-6
Human Biology: Mouth,5056,C-2-6
Human Body: Section of the Head/Neck,5057,C-2-6
Dog X-Ray,1277,C-2-7
General Zoology Chart: Vertebrates (Reptiles and Amphibians),1276,C-2-7
General Zoology Chart: Vertebrates (Mammals),1279,C-2-7
General Zoology Chart: Vertebrates (Reptiles and Amphibians),1280,C-2-7
Greater Yellow Legs,2851,C-2-8
Yellow Legs,2867,C-2-9
Forester Tern,1632,C-2-10
Red-necked Phalarope,8135,C-2-11
Stellers Jay,1652,C-2-12
Western Scrub Jay,2868,C-2-13
Western Scrub Jay,1188,C-2-14
Barn Swallow,1387,C-2-15
Aquatic Bird Feet,1605,C-3-1
Aquatic Bird Feet,1619,C-3-2
Hawk Talon,2852,C-3-3
Burrowing Owl,1655,C-3-4
Mourning Dove,1614,C-3-5
Mourning Dove,1386,C-3-6
Male Rufous Hummingbird and Nest,1650,C-3-7
Female Northern Flicker,2909,C-3-8
Female Northern Flicker,2877,C-3-9
Cliff Swallow,1647,C-3-10
Western Bluebird,1348,C-3-11
Acorn Wood Pecker Log (Larder),1606,C-3-12
California Quail (1),8046,D-1-1
American Kestral (2),8042,D-1-2
American Kestral (3),8013,D-1-3
Mourning Dove (4),7642,D-1-4
Screech Owl (5),8016,D-1-5
Western Screech Owl (6),8017,D-1-6
Rufous Hummingbird (7),8004,D-1-7
Rufous Hummingbird (8),8006,D-1-8
Anna's Hummingbird (9),8003,D-1-9
Anna's Hummingbird (10),8012,D-1-10
Anna's Hummingbird (11),8011,D-1-11
Red-Breasted Sapsucker (13),7643,D-1-13
Red-Shafted Flicker (14),8047,D-1-14
Western Scrub-jay (15),8020,D-1-15
Western Scrub Jay (16),8049,D-1-16
Western Scrub Jay (17),8258,D-1-17
Western Scrub Jay (18),8259,D-1-18
Cliff Swallow (19),3689,D-1-19
American Robin (20),8251,D-1-20
American Robin (21),8024,D-1-21
Male Robin (22),1733,D-1-22
American Thrasher (23),8043,D-1-23
Bohemian Waxwing (24),7646,D-1-24
Cedar Waxwing (25),7640,D-1-25
California Towhee (26),7639,D-1-26
California Towhee (27),8028,D-1-27
Song Sparrow (28),8000,D-1-28
Goldened-crowned Sparrow (29),3687,D-1-29
Goldened-crowned Sparrow (30),8009,D-1-30
White-crowned Sparrow (31),8010,D-1-31
Red-winged Blackbird (32),8026,D-1-32
Western Meadowlark (33),8031,D-1-33
Western Meadowlark (34),8033,D-1-34
Brewer's Blackbird (35),8027,D-1-35
House Finch (36),8030,D-1-36
House Finch (37),8029,D-1-37
House Sparrow (38),8007,D-1-38
Canary (39),8025,D-1-39
American Avocet (40),8014,D-1-40
Red-Shafted Flicker (41),7648,D-1-41
Western Scrubjay (42),8019,D-1-42
Western Meadowlark (43),3902,D-1-43
Ring-necked Pheasant Egg (1),8278,D-2-1
Golden Pheasant Egg(2),8279,D-2-2
Guinea Fowl Egg (3),8280,D-2-3
California Quail Eggs (4),8281,D-2-4
Black-crowned Night-heron Egg (5),8282,D-2-5
American Kestrel Eggs (6),8283,D-2-6
Killdeer Egg (7),8284,D-2-7
Western Sandpiper Egg (8),8285,D-2-8
Rock Dove Egg(9),8286,D-2-9
Mourning Dove Eggs (10),8287,D-2-10
Western Screech Owl Eggs (11),8289,D-2-11
Northern Pigmy Owl Egg (12),8290,D-2-12
Black-chinned Hummingbird Egg (13),8291,D-2-13
Pileated Woodpecker Egg (14),8292,D-2-14
Possible Woodpecker Egg (15),8293,D-2-15
Northern Flicker Eggs (16),8294,D-2-16
Western Wood-Peewee Eggs (17),8295,D-2-17
Western Flycatcher Eggs (18),8296,D-2-18
Black Phoebe Eggs(19),8297,D-2-19
Western Kingbird Egg (20),8298,D-2-20
Northern Shrike Eggs (21),8299,D-2-21
Warbling Vireo Eggs (22),8059,D-2-22
Steller's Jay Eggs (23),8060,D-2-23
Western Scrub Jay Eggs(24),8061,D-2-24
Purple Martin Eggs (25),8062,D-2-25
Cliff Swallow Egg (26),8063,D-2-26
Barn Swallow Eggs (27),8064,D-2-27
Wrentit Egg (28),8065,D-2-28
Possible Titmouse Species Eggs (29),8066,D-2-29
American Dipper Egg (30),8067,D-2-30
Chestnut-Backed Chickadee (31),8068,D-2-31
Bushtit Eggs (32),8069,D-2-32
Nuthatch Eggs (33),8070,D-2-33
House Wren Eggs (34),8071,D-2-34
Canyon Wren Eggs (35),8072,D-2-35
Nothern Mockingbird Eggs (36),8073,D-2-36
California Thrasher Eggs (37),8074,D-2-37
Cedar Waxwing Eggs (38),8075,D-2-38
Western Bluebird Eggs (39),8076,D-2-39
Swainson's Thrush Eggs (40),8077,D-2-40
American Robin Eggs (41),8078,D-2-41
Varied Thrasher Egg (42),8079,D-2-42
Orange Crowned Warbler Eggs (43),8080,D-2-43
Nashville Warbler Egg (44),8081,D-2-44
Western Tanager Egg (45),8082,D-2-45
California Towhee Eggs (46),8083,D-2-46
Spotted Towhee Eggs (47),8084,D-2-47
Lark Sparrow Egg (48),8085,D-2-48
Grasshopper Sparrow Egg (49),8086,D-2-49
Song Sparrow Eggs (50),8087,D-2-50
Crowned Sparrow Eggs (51),8088,D-2-51
Dark-eyed Junco Eggs (52),8089,D-2-52
Black-headed Grosbesk Eggs (53),8090,D-2-53
Indigo Bunting Eggs (54),8091,D-2-54
Red-winged Blackbird Egg (55),8092,D-2-55
Bi-colored Blackbird Eggs (56),8093,D-2-56
Western Meadowlark Eggs (57),8094,D-2-57
Brewer's Blackbird Egg (58),8095,D-2-58
Bullock's Oriole Eggs (59),8097,D-2-59
Purple Finch Eggs (60),8096,D-2-60
House Finch Eggs (61),8098,D-2-61
American Goldfinch Eggs (62),8099,D-2-62
House Sparrow Eggs (63),8100,D-2-63
Model Bird Eggs (64),8276,D-2-64
Canada Goose Egg (65),8101,D-2-65
Duck Egg (66),8102,D-2-66
Blue Peacock Egg (67),8103,D-2-67
Wild Turkey Egg (68),8104,D-2-68
Great Blue Heron Egg(69),8105,D-2-69
Red-Tailed Hawk Egg(70),8106,D-2-70
Common Murre Egg (71),8107,D-2-71
Unknown Egg (72),8111,D-2-72
Unknown Egg (73),8109,D-2-73
Unknown Eggs (74),8112,D-2-74
Unknown Egg (75),8113,D-2-75
2 Quail and 1 Dove Eggs (76),1398,D-2-76
California Quail Eggs (77),1612,D-2-77
Cooper's Hawk Eggs (78),8108,D-2-78
Oak Titmouse Nest with Eggs (79),7677,D-2-79
Great Horned Owl Eggs (80),8110,D-2-80
Bird Feather Diversity,8261,D-3-1
Miscellaneous Bird Feathers,3682,D-3-2
Mallard Contour Feathers,3864,D-3-3
Cinnamon Teal Feather- Female,8122,D-3-4
Wood Pecker Flight Feathers,8256,D-3-5
Bird Feathers,8255,D-3-6
Marllard Feather,8266,D-3-7
Owl Contour Feathers,2725,D-3-8
Black Swan Feather,3665,D-3-9
Miscellaneous Bird Feathers,4650,D-3-10
Red-shafted Flicker Feathers,3677,D-3-11
Craft Feathers,8121,D-3-12
Barn Owl Wings,1623,D-3-13
Northern Pintail Male Wings,2922,D-3-14
"Lories,parakeets,macaws,parrots feathers",8273,D-3-15
Northern Flicker Feathers,8117,D-3-16
Miscellaneous Bird Feathers,8116,D-3-17
Red-shaftted Flicker Feathers,8257,D-3-18
Turkey-Domestic Feather,8118,D-3-19
Ring-necked Pheasant Feathers,8270,D-3-20
Ring-necked Pheasant Feathers,8119,D-3-21
Blue Pheasant Feather,8264,D-3-22
Ring-necked Pheasant Feathers,8269,D-3-23
Pheasant Feathers,2720,D-3-24
Rock Dove Feathers,3664,D-3-25
Miscellaneous Bird Feathers,8115,D-3-26
Feather Assortment,8868,D-3-27
Great Eget-breeding feathers from back,8268,D-3-28
Gull Species-flight feathers,8272,D-3-29
Mallard Feather,8120,D-3-30
Owl Feathers,8265,D-3-31
Barn Owl Feathers,8267,D-3-32
Barn Owl Feathers,8274,D-3-33
Barn Owl Wing,8252,D-3-34
Great Horned Owl Feathers,8263,D-3-35
Bird Feahter Diversity,8262,D-3-36
Gold and Yellow Macaw Feather,3675,D-3-37
Ringed-necked Pheasant Feathers,3660,D-3-38
Miscellaneous Bird Feathers,3661,D-3-39
Miscellaneous Bird Feathers,3676,D-3-40
Steller's Jay Nest,7675,D-4-1
Red-winged Blackbird Nest,7631,D-4-2
Brewer's Blackbird Nest,7632,D-4-3
Barn Swallow Nest,7674,D-4-4
Black-headed Grosbesk Nest,7697,D-4-5
House Finch Nest,7637,D-4-6
Lesser Goldfinch Nest,7638,D-4-7
California Towhee Nest,7626,D-4-8
Spotted Towhee Nest,7698,D-4-9
Norther Mockingbird Nest,7690,D-4-10
Song Sparrow Nest,7630,D-4-11
American Robin Nest,7687,D-4-12
American Robin Nest,7688,D-4-13
Black Phoebe Nest,7673,E-1-1
Chestnut-Backed Chickadee Nest,7676,E-1-2
Brown Creeper Nest,7681,E-1-3
Anna's Hummingbird Nest,7669,E-1-4
Black-chinned Hummingbird Nest,7667,E-1-5
Black-chinned Hummingbird Nest,7668,E-1-6
Allen's Hummingbird Nest,7670,E-1-7
Aquatic Bird Feet,1607,E-1-8
Aquatic Bird Feet-Duck Species,3869,E-1-9
Bird Skull,3871,E-1-10
Box of Bird Bones,3867,E-1-11
Chick's Development,1576,E-1-12
Apple Snail Shells,8371,E-1-13
Duck Species Skull (1),8128,E-1-14
Duck Species Skull (2),8129,E-1-15
Western Grebe Skull (3),8127,E-1-16
Western Grebe Skull (4),8131,E-1-17
Northern Fulmar (5),8126,E-1-18
Brandt's Cormorant Skull (7),8125,E-1-19
Brandt's Cormorant Skull (8),8124,E-1-20
Brandt's Cormorant Skull (9),8132,E-1-21
American Bittern Skull (10),8145,E-1-22
Heron Family Skull (11),8241,E-1-23
Western Gull Skull (12),8123,E-1-24
Gull Species Skull (13),8143,E-1-25
Common Murre Skull (14),8144,E-1-26
American Crow Skull (15),8149,E-1-27
Common Raven Skull (16),8130,E-1-28
Crow Foot Print,3872,E-1-29
Pied-billed Grebe foot print,3873,E-1-30
Bats display (7 bats),2125,E-2-1
African Porcupine Quills,2337,E-2-2
Tree Trunk bitten off a beaver,1869,E-2-2
Wood Chewed by Beaver,1870,E-2-2
Porcupine Quills,5282,E-2-2
Porcupine Quills and Fur,2336,E-2-2
Moary and Western Red Bats,2129,E-2-3
Bat Display (6 bats),2130,E-2-4
Bat Species (Unknown),2124,E-2-5
Pallid Bat,2123,E-2-6
Mexican Free-tailed Bat,2126,E-2-7
Pallid Bat,2131,E-2-8
Big Brown Bat,2128,E-2-9
Mexican Free-tailed Bat,2127,E-2-10
Weasel,8877,E-2-11
Douglas Ground Squirrel,8915,E-2-12
Norway Rat,2714,E-2-13
Kangaroo Rat,2708,E-2-14
Pacific Mole,2717,E-2-15
Mole with Mole Skull,2716,E-2-16
Chipmunk,8916,E-2-17
House Mouse,1895,E-2-18
California Harvest Mouse,1893,E-2-19
Pocket Gopher,2719,E-2-20
Mole,2718,E-2-21
White Footed Mouse,1901,E-2-22
Chipmunk,1892,E-2-23
California Mouse,1899,E-2-24
Pinyon Mouse,1897,E-2-25
Pinyon Mouse,1898,E-2-26
Wild Boar and Mandible,2026,E-3-1
Rabbit Skull,1844,E-3-2
Bobcat Skull,2341,E-3-3
Cat Skull,1846,E-3-4
Opposum Skull,1446,E-3-5
Rabbit Skull,1845,E-3-6
Muskrat Skull,1837,E-3-7
Striped Skunk,1447,E-3-8
Rabbit Skull,1842,E-3-9
Porcupine Skull,1840,E-3-10
Squirrel Skull,1839,E-3-11
Mink Skull,2338,E-3-12
Rabbit Skull,1953,E-3-13
Racoon Skull,1955,E-3-14
Cat Skull,1951,E-3-15
Skunk Skull,2342,E-3-16
Guinea Pig Skull,2340,E-3-17
Beaver skull,1132,E-3-18
Rabbit Skull,1835,E-3-19
Muskrat Skull,1836,E-3-20
Squirrel Skull,1831,E-3-21
Deer Mandible,1263,E-3-22
Sheep Mandible,8878,E-3-23
Blacktail Jackrabbit,8725,E-3-24
Rabbit Skull,1866,E-3-25
Squirrel Skull,1834,E-3-26
Mole Skull,1863,E-3-27
Mink Skull,9506,E-3-28
Squirrel Skull,1864,E-3-29
Mink Skull,2343,E-3-30
Mink Skull,2831,E-3-31
Rat Skull,1189,E-3-32
Norway Rat Skull,1855,E-3-33
Roof Rat Skull,1852,E-3-34
Bobcat Jaw,9505,E-3-35
Mus Skull,1861,E-3-36
Kangaroo Rat Skull,1849,E-3-37
Rat Skull,1854,E-3-38
Norway Rat Skull,1856,E-3-39
Assorted Teeth for Calcium Testing,1867,E-3-40
Ratus Norvegious Skull,1862,E-3-41
Wood Rat Skull,1858,E-3-42
Kangaroo Rat Skull,1850,E-3-43
Wood Rat Skull,1859,E-3-44
Norway Rat Skull,1857,E-3-45
Kangaroo Rat Skull,1851,E-3-46
Rattus Norvegicus Skull,2345,E-3-47
Peromyscus Truei Mouse Skull,1860,E-3-48
Rat Skull,1853,E-3-49
Rabbit Skull,1865,E-3-50
Rabbit Skull,1866,E-3-51
Male Reproductive System Model,1784,E-4-1
Human Head Section,1770,E-4-2
Skin Model,1761,E-4-3
Eye Model,1693,E-4-4
Eye Model,1694,E-4-5
Human Head Section,1769,E-4-6
Female Reproductive System Model,1785,E-4-7
Female Reproductive System Model,1779,E-4-8
Smooth Muscle,1776,E-4-9
Straited Muscle,1775,E-4-10
Straited Muscle,1778,E-4-11
Cardiac Muscle,1777,E-4-12
Dog Skeleton,4700,F-1-1
Pelican skeleton,8147,F-1-2
Northern Harrier/Marsh Hawk,1915,F-1-3
Long-Eared Owl,1273,F-1-4
Great Horned Owl,1917,F-1-5
Female Bufflehead,1628,F-1-6
Female American Kestrel,1653,F-1-7
Go Green to Grow Green (Photosynthesis and Cellular Respiration),4679,F-2-1
Human Skull,1661,F-2-2
Pan. tr. troglodytes Skull,2858,F-2-2
"A. Afarensis Skull (""Lucy"")",2857,F-2-2
Turtle Skeleton,1185,F-2-2
Cow Skull,8880,F-2-2
Female Canvas Back,1638,F-2-3
Animals of the Burgess Shale,2550,F-2-4
Life in the Burgess Shale,4654,F-2-4
Dog Skull,1131,F-2-4
"Sheep Radius, Ulna, Skull, Mandible",1370,F-2-4
Chicken Skeleton,1618,F-2-5
Chicken Skeleton,1186,F-2-5
Go Green to Grow Green (Photosynthesis and Cellular Respiration),4679,F-3-1
Hominid Skulls (Box A),1448,F-3-2
Hominid Skulls (Box B),1449,F-3-3
Early Man Skull Set,2981,F-3-4
Water Snake Skeleton,1182,F-3-5
Tooth Cross Section Diagram,2500,F-3-6
Deer Mandible,2884,F-4-1
Cow Vertebrae,8893,F-4-1
Beaver Skulls,1841,F-4-1
Beaver Skull ,2830,F-4-1
Cow Elbow Joints,1365,F-4-1
Dog Skull,2029,F-4-1
Dog Skull,2013,F-4-1
Bear Skull,2014,F-4-1
Coyote Skull,2028,F-4-1
Dog Skull,2030,F-4-1
Gray Fox Skull,1135,F-4-1
Dog Skull,1952,F-4-1
Shark Jaw with teeth,1460,F-4-2
Lobster Parts,1224,F-4-2
Fossil Shark Teeth,2348,F-4-2
Whalebone Vertebrae,8041,F-4-2
Crab Claw,2429,F-4-2
Shark Jaw,1461,F-4-2
Human Spine and Pelvis,7849,F-4-3
Human Spine Model,8894,F-4-3
Human Spine Model,8895,F-4-3
Human Femur,7847,F-4-3
Human Right Leg,7548,F-4-3
Human Right Leg,7848,F-4-3
Scapula and Arm ,7772,F-4-3
Split Femur,8896,F-4-3
Wooden Arm,8897,F-4-3
Human Right Arm ,9197,F-4-3
Human Bone Cross Section,7839,F-4-3
American Avocet,1920,G-1-1
Typical Vertebrate Fish Model,1327,G-1-2
Double Helix DNA 24 bp Model,5586,G-1-3
Double Helix DNA 12 bp Model,5587,G-2-1
American Alligator Skeleton,1335,G-3-1
Chiton,1114,G-3-2
Chiton,1115,G-3-2
Chiton (Katharina tunicata),1118,G-3-2
Rough-Skinned Newt,9567,G-3-2
Lined Shore Crab,1113,G-3-2
Chiton,1107,G-3-2
Kelp Crab,1111,G-3-2
Pacific Tree Frog,9568,G-3-2
Lined Shore Crab,1113,G-3-2
California Slender Salamander,1120,G-3-2
Western Fence Lizard,9566,G-3-2
Rattlesnake,1122,G-3-3
Garter Snake,1121,G-3-3
Scorpion,1112,G-3-4
Banded Garden Spiders (Male and Female),1106,G-3-4
Development of Red-Leg Grasshopper,1119,G-3-4
Polychaeta Sandworm,1109,G-3-4
Whiptail Scorpion,1110,G-3-4
Annelid Worm,1123,G-3-4
Scorpion,2009,G-3-4
Centipede,1116,G-3-4
Pacific Tree Frog,8869,G-3-4
Millipede,1117,G-3-4
Water Scavenger,1108,G-3-4
Human Body Model,5572,G-4-1
Human Body Model ,1732,G-4-2
"Human Skeleton (""Leggs Akimbo"")",1400,G-4-3
Landbirds- Migratory Birds of the Southeast,9430,Poster Drawer
Birds of the Sierra Nevada,9592,Poster Drawer
Animals/ Plants - Endangered Species the Road to Recovery,9429,Poster Drawer
Morphlogy of the Flower,4794,Poster Drawer
Waterfowl,6810,Poster Drawer
Winter Birds,1724,Poster Drawer
Mammals of the Mountain,6824,Poster Drawer
Marsh and Water Birds,6822,Poster Drawer
Birds of Prey,6823,Poster Drawer
Mammals of Farm and Woodlot,1723,Poster Drawer
Game Birds,6821,Poster Drawer
Marine Fishes of the California Current and Adjacent Waters,9428,Poster Drawer
Know Your Ducks,6820,Poster Drawer
The Age of Reptiles,9408,Poster Drawer
"Letter ""E"" (A1)",3300,R-A
"Letter ""E"" (A2)",3301,R-A
"Letter ""E"" (A4)",3302,R-A
"Letter ""E"" (A5)",3303,R-A
"Letter ""E"" (A9)",3304,R-A
Silk W.M (A11),3305,R-A
Silk W.M (A12),3306,R-A
Silk W.M (A13),3307,R-A
Silk W.M (A14),3308,R-A
Cross Fibers (A16),3309,R-A
Cross Fibers (A17),3310,R-A
Cross Fibers (A18),3311,R-A
Texile Fibers (A20),5273,R-A
Texile Fibers (A21),3312,R-A
Texile Fibers (A22),3313,R-A
Texile Fibers (A23),3314,R-A
Texile Fibers (A24),3315,R-A
Texile Fibers (A25),3316,R-A
Texile Fibers (A26),3317,R-A
Texile Fibers (A27),3318,R-A
Texile Fibers (A28),3319,R-A
Allium Root Tip Mitosis (B1),3320,R-B
Allium Root Tip Mitosis (B2),3321,R-B
Allium Root Tip Mitosis (B3),3322,R-B
Mitosis Onion Root Tip (B4),3323,R-B
Mitosis Onion Root Tip (B5),3324,R-B
Onion Root Mitosis (B6),3325,R-B
Onion Root Tip (B7),3326,R-B
"Ascaris Megalocephala, pronuclei (B8)",3327,R-B
"Ascaris Megalocephala, Mitosis (B9)",3328,R-B
"Ascaris Megalocephala, Mitosis (B10)",3329,R-B
"Ascaris Megalocephala, Mitosis (B11)",3330,R-B
"Ascaris Megalocephala, Mitosis (B12)",3331,R-B
"Ascaris Megalocephala, Mitosis (B13)",3332,R-B
"Ascaris Megalocephala, Mitosis (B14)",3333,R-B
"Ascaris Megalocephala, Mitosis (B15)",3334,R-B
"Ascaris Megalocephala, Mitosis (B16)",3335,R-B
"Ascaris Megalocephala, Maturation (B17)",3336,R-B
"Ascaris, Late Cleavage (B18)",3337,R-B
Frog Gastrula typ. sag. sec. (B22),3338,R-B
Development Frog Gastrula mid (B23),3339,R-B
Development Neurula C.S. Frog (B24),3340,R-B
Development Neurula L.S. Frog (B25),3341,R-B
Chicken Embryo 24 hrs (B26),3342,R-B
Chicken Embryo 24 hrs (B27),3343,R-B
Chicken Embryo 24 hrs (B28),3344,R-B
Chicken Embryo 24 hrs (B29),3345,R-B
Chicken Embryo 24 hrs (B30),3346,R-B
Chicken Embryo 32 hrs (B31),3347,R-B
Chicken Embryo 32 hrs (B32),3348,R-B
Chicken Embryo 33 hrs (B33),3349,R-B
Chicken Embryo 38 hrs (B34),3350,R-B
Chicken Embryo 38 hrs (B35),3351,R-B
Chicken Embryo 38 hrs (B36),3352,R-B
Chicken Embryo 64 hrs (B37),3353,R-B
Chicken Embryo 72 hrs (B38),3354,R-B
Chicken Embryo 72 hrs (B39),3355,R-B
Chicken Embryo 72 hrs (B40),3356,R-B
Chicken Embryo 72 hrs (B41),3357,R-B
Chicken Embryo 72 hrs (B42),3358,R-B
Chicken Embryo 72 hrs (B43),3359,R-B
Chicken Embryo 84 hrs (B44),3360,R-B
Chicken Embryo 96 hrs (B45),3361,R-B
Bacteria Type Slide (C2),3363,R-C
Bacteria Type Slide (C3),3364,R-C
Bacteria Three Types (C4),3365,R-C
Bacteria Three Types (C5),3366,R-C
Bacteria Three Types (C6),3367,R-C
Bacteria Three Types (C7),3368,R-C
Bacteria Three Types (C8),3369,R-C
Bacteria Three Types (C9),3370,R-C
Bacteria Three Types (C10),3371,R-C
Bacteria Three Types (C11),3372,R-C
Bacteria Three Types (C12),3373,R-C
Bacteria Three Types (C13),3374,R-C
Bacteria Three Types (C14),3375,R-C
Bacteria Three Types (C15),3376,R-C
Bacteria Three Types (C16),3377,R-C
Bacteria Three Types (C17),3378,R-C
Bacteria Three Types (C18),3379,R-C
Bacteria Three Types (C19),3380,R-C
Mixed Bacteria (C20),3381,R-C
Mixed Bacteria (C21),3382,R-C
Mixed Bacteria (C22),3383,R-C
Mixed Bacteria (C23),3384,R-C
Bacteria Oral Smear (C24),3385,R-C
Acetobacter Xylinum Bacteria (C25),3386,R-C
Acetobacter Xylinum Bacteria (C26),3387,R-C
Spirillum (C27),3388,R-C
Spirillum Rubrum (C28),3389,R-C
Spirillum Volutans (C29),3390,R-C
Vibrio Cholerae (C30),3991,R-C
Vibrio Cholerae (C31),3392,R-C
Azotobacter (C32),3393,R-C
Azotobacter (C33),3394,R-C
Azotobacter (C34),3395,R-C
Azotobacter (C35),3396,R-C
E. Coli Comminis (C36),3397,R-C
Salmonella Parathyphi A (C37),3398,R-C
Salmonella Typhosa (C38),3399,R-C
Salmonella Typhimurium (C39),3400,R-C
Hemphillus Pertusis (C40),3401,R-C
Aerobacter Aerogenes (C41),3402,R-C
Klebsiella Pneumoniae (C42),3403,R-C
Klebsiella Pneumoniae (C43),3404,R-C
Klebsiella Pneumoniae (C44),3405,R-C
Proteus Vulgaris (C45),3406,R-C
Proteus Vulgaris (C46),3407,R-C
Fusobacterium Polymorphum (C47),3408,R-C
Treponema Palildum in tissue (C48),3409,R-C
Eberthella Typhosa (D1),3410,R-D
Eberthella Typhosa (D2),3411,R-D
Eberthella Typhosa (D3),3412,R-D
Eberthella Typhosa (D4),3413,R-D
Eberthella Typhosa (D5),3414,R-D
Eberthella Typhosa (D6),3415,R-D
Eberthella Typhosa (D7),3416,R-D
Eberthella Typhosa (D8),3417,R-D
Eberthella Typhosa (D9),5272,R-D
Eberthella Typhosa (D10),3418,R-D
Eberthella Typhosa (D11),3419,R-D
Micrococcus Catarrhalis (D12),3420,R-D
Micrococcus Catarrhalis (D13),3421,R-D
Micrococcus Tetragenus (D14),3422,R-D
Pasteurella Suiseptica (D15),3423,R-D
Brucella Melitensis (D16),3424,R-D
Brucella Melitensis (D17),3425,R-D
Staphylococcus Albus (D18) ,3426,R-D
Staphylococcus Albus (D19) ,3427,R-D
Staphylococcus Albus (D20) ,3428,R-D
Staphylococcus Albus (D21) ,3429,R-D
Staphylococcus Albus (D22) ,3430,R-D
Staphylococcus Albus (D23) ,3431,R-D
Staphylococcus Albus (D24) ,3432,R-D
Staphylococcus Albus (D25) ,3433,R-D
Staphylococcus Albus (D26) ,3434,R-D
Staphylococcus Albus (D27) ,3435,R-D
Staphylococcus Albus (D28) ,3436,R-D
Staphylococcus Aureus (D30) ,3437,R-D
Staph Citreus (D31) ,3438,R-D
Staph Citerus (D32) ,3439,R-D
Staphylococcus Epidermidis (D33) ,3440,R-D
Sarcina Lutea (D34) ,3441,R-D
Sarcina Lutea (D35) ,3442,R-D
Gonorrhoeae Urethral Smear (D36) ,3443,R-D
Neisseria Gonorrheoae (D37) ,3444,R-D
Micrococccus Tetragenus (D38) ,3445,R-D
Diplococcus Pnemoniae (E1),3446,R-E
Diplococcus Pnemoniae (E2),3447,R-E
Diplococcus Pnemoniae (E3),3447,R-E
Diplococcus Pnemoniae (E4),3449,R-E
Diplococcus Pnemoniae (E5),3450,R-E
Diplococcus Pnemoniae (E6),3451,R-E
Diplococcus Pnemoniae (E7),3452,R-E
Diplococcus Pnemoniae (E8),3453,R-E
Diplococcus Pnemoniae (E9),3454,R-E
Diplococcus Pnemoniae (E10),3455,R-E
Diplococcus Pnemoniae (E11),3456,R-E
Diplococcus Pnemoniae (E12),3457,R-E
Diplococcus Pnemoniae (E13),3458,R-E
Diplococcus Pnemoniae (E14),3459,R-E
Streptooccus Pyogenes (E15),3460,R-E
Streptooccus Pyogenes (E16),3461,R-E
Streptooccus Pyogenes (E17),3462,R-E
Streptooccus Pyogenes (E18),3463,R-E
Streptooccus Pyogenes (E19),3464,R-E
Streptooccus Pyogenes (E20),3465,R-E
Streptooccus Pyogenes (E21),3466,R-E
Streptooccus Pyogenes (E22),3467,R-E
Streptooccus Lactis (E23),3468,R-E
Lactobacillus Acidophilus (F1),3469,R-F
Aotinomyees Bovis (F2),3470,R-F
Aotinomyees Bovis (F3),3471,R-F
Corynebacterium diphtheriae (F4),3472,R-F
Corynebacterium diphtheriae (F5),3473,R-F
B. diphtheriae (F6),3474,R-F
B. diphtheriae (F7),3475,R-F
Bacillus Anthracis (F8),3476,R-F
Bacillus Anthracis Spore Stain (F9),3477,R-F
Bacillus Anthracis Spore Stain (F10),3478,R-F
Bacillus Mallei (F11),3479,R-F
Bacillus Welchii (F12),3480,R-F
Bacillus Welchii (F13),3481,R-F
Bacillus Typhosus (F14),3482,R-F
Bacillus Subtilus (F15),3483,R-F
Bacillus Subtilus (F16),3484,R-F
B. Tuberculosis in Sputum (F17),3485,R-F
Clostridium Tetani (F18),3486,R-F
Clostridium Tetani Botulinus (F19),3487,R-F
Clostridium Tetani Botulinus (F20),3488,R-F
B. Botulinus Spore Stain (F20),3489,R-F
B. Botulinus Spore Stain (F21),3490,R-F
B. Coli Communior (F23),3491,R-F
Spirochaeta Obermeieri (F24),3492,R-F
Spirochaeta Obermeieri (F25),3493,R-F
Treponema Palildum in tissue (F27),3494,R-F
Goniocotes Gigas (F28),3495,R-F
Goniocotes Gigas (F29),3496,R-F
Goniocotes Gigas (F30),3497,R-F
Gonium Socials (F31),3498,R-F
Gonium Pectorale (F32),3499,R-F
Eudorina Alaganes (F33),3500,R-F
Spirogyra Lateral Conjugation (F34),3501,R-F
Spirogyra Lateral Conjugation (F36),3502,R-F
Ulothrix (F40),3503,R-F
Diatom Strew WM (F41),3504,R-F
"Diatoms, WM (F42)",3505,R-F
Fucus X Section Cut (F43),3506,R-F
Monilia Albicans (G1),3511,R-G
Monilia Albicans (G2),3512,R-G
Saccharomyces Nuclei (G3),3513,R-G
Saccharomyces Spores (G4),3514,R-G
Saccharomyces Ellipsoideus (G5),3515,R-G
"Fuligo, sec Fruiting Body (G6)",3516,R-G
Coprinus Atramentarius (G7),3517,R-G
Coprinus Atramentarius (G7),3518,R-G
Rhizopus Sporangia (G9),3519,R-G
Rhizopus Sporangia (G10),3520,R-G
Rhizopus Nigricans: Zygotes (G11),2757,R-G
Penicillium (G13),5576,R-G
Penicillium (G14),3521,R-G
Penicillium (G15),3522,R-G
Marchantia Life History (G16),3523,R-G
Horsetail Spores and Elater (G18),3525,R-G
Equisetum Sp. L.S Opical Cells (G19),3526,R-G
Equisetum Sp. L.S Bud (G20),3527,R-G
Dichotomous Venation (G21),3528,R-G
Fern Leaflet Mature (G22),3529,R-G
Polytrichum Leaves (G23),3530,R-G
Peridinium (G24),3531,R-G
Fern Prothallium Embryo (G25),3532,R-G
Fern Spore and Case (G26),3533,R-G
Fern CS Leaflet w/ Sori (G27),3534,R-G
Polypodium Rhizome Leaf Trace (G28),3535,R-G
Polypodium Rhizome Leaf Trace (G29),3536,R-G
Fern Sporangia (G30),3537,R-G
Fern Prothallium (G31),3538,R-G
Fern Prothallium (G32),3539,R-G
Fern Prothallium (G33),3540,R-G
Fern Prothallium (G34),3541,R-G
Fern Prothallium Gametophyte (G35),3542,R-G
Mnium l.s Antheridial Head (G36),3543,R-G
Pinus Monticola (H1),3544,R-H
Pinus V. Jettreii (H3),3545,R-H
Resin Passages Pine (H5),3546,R-H
Pinus Leaf (H6),3547,R-H
Pin Pollen Tubes (H7),3548,R-H
Pinus w.m. of Pollen (H8),3549,R-H
Pine Pollens (H9),3550,R-H
Pine Pollens (H10),3551,R-H
Cypress Pollen (H11),3552,R-H
Binus Laricio Mature Pollen (H12),3553,R-H
Anemophilious Pollens Pine (H13),3554,R-H
Pinus Young Ovulate Cone (H14),5836,R-H
Pinus Staminate Cone (H15),3555,R-H
Pine Embryos (H17),3556,R-H
Pine Embryos (H18),3557,R-H
Allium Root Tips (H20),3559,R-H
Allium Root Tip (H21),3560,R-H
Onion Root (H22),3561,R-H
Allium Root Tip (H23),3562,R-H
Allium Root Tip (H24),3563,R-H
Iris x.s Root (H25),3564,R-H
Typical Dicot Root (H26),3565,R-H
Zea Mays: Root Hair Origin (H27),3566,R-H
Zea Root c.s (H28),3567,R-H
"Corn, Root, c.s (H29)",3568,R-H
Palm Root (H30),3569,R-H
Palm Root (H31),3570,R-H
Ranunculus Acris: Young and Mature Roots (H33),3571,R-H
Pisum Sativum l.s Root Tip (H35),3572,R-H
Root Tubercle Legume (H36),3573,R-H
Polygonium Root Sp. (H37),3574,R-H
Polygonium Root Sp. (H38),3575,R-H
Tradescantia Root X Section (H39),3576,R-H
Tradescantia Root X Section (H40),3577,R-H
Onion Root Tip (H41),3578,R-H
Lillium Mature Anthers (I1),3579,R-I
Lily Pollen (I3),3580,R-I
Tulip Pollen (I4),3581,R-I
"Iris, Anther, t.s (I5)",3532,R-I
Apple Pollen (I6),3583,R-I
Pollen (I7),3584,R-I
"Ragweed, Pollen (I8)",3585,R-I
Pollen (I9),3586,R-I
Akebia Pollen (I10),3587,R-I
"Alder, Pollen (I11)",3588,R-I
Lily Ovary (I12),3589,R-I
Lily Ovary (I13),3590,R-I
"Lilium, Ovary (I15)",3592,R-I
Lily Double Fertilization (I16),3593,R-I
Pollen Tubes Tea (I18),3594,R-I
Pollen Tubes (I19),3595,R-I
Capsella Embryo (I20),3596,R-I
"Pearly Everlasting, Flower (I21)",3597,R-I
"Pearly Everlasting, Seed (I22)",3598,R-I
"Pearl Everlasting, Seed (I23)",3599,R-I
"Wild Lettuce, Flower (I24)",4850,R-I
"Wild Lettuce, Flower (I25)",4851,R-I
Apple Cell (I26),3509,R-I
Allium Epidermis of Bulb (I27),4852,R-I
Onion Epidermis (I28),4853,R-I
Lilium Lead Epidermis (I29),4854,R-I
Lilium Lead Epidermis (I30),4855,R-I
Monocot and Dicot Leaf (I31),4856,R-I
Nerium Leaf (I32),4857,R-I
Oleander Lead X. Sect. (I33),4858,R-I
Oleander Lead X. Sect. (I34),4859,R-I
Oleander Lead X. Sect. (I35),4860,R-I
Medicago Leaf x.s (I36),4861,R-I
Medicago Leaf x.s (I37),4862,R-I
Ligustrum Privet Leaf (I38),4863,R-I
Ligustrum Privet Leaf (I39),4864,R-I
Leaf C.S Camellia (I40),3507,R-I
Syringa Leaf v.s (I41),4865,R-I
Colycanthus Floridus Cross Leaf (I42),4866,R-I
Colycanthus Floridus Cross Leaf (I43),4867,R-I
Celery Leaf (I44),4868,R-I
Cahrosma sh x.s (I45),4869,R-I
Cahrosma sh x.s (I46),4870,R-I
Scale haris Silverberry (I47),4871,R-I
Polypodium Leaf with Spore (I48),7885,R-I
Mushroom Coprinus (I49),7877,R-I
Moss Antheridia Archegonia Paraphyses (I50),3789,R-I
Monocot and Dicot Stem (J1),4872,R-J
Bambusa x.s Stem (J2),4873,R-J
Zea Stem c.s. (J3),4874,R-J
Zea Stem c.s (J4),4875,R-J
Canna Stem (J5),5843,R-J
"Herbaceous & woody stems, c.s. (J6)",4876,R-J
Rose Stem x-sect. (J7),4877,R-J
Rose Slide (J8) ,3510,R-J
Rosebud stem x- sect. (J9) ,4878,R-J
Polygnium sh-x.s. stem (J10) ,4879,R-J
"Magnolia stem macerated, wm. (J11) ",4880,R-J
Geranium x.s. 1 1/2 yr. stem (J12) ,4881,R-J
Pellargonium x.s. old stem (J13) ,4882,R-J
Geranium x.s. Young Stem (J14) ,4883,R-J
Tilia: One Year Stem x.s. (J15) ,4884,R-J
Tilia: Older Stem x.s. (J16) ,4885,R-J
Pepper Tree X-Sect (J17),4886,R-J
Acorus clamas X- sect of Stem (J18) ,4887,R-J
Nermium Oleander x-sect stem (J19) ,4888,R-J
Cotonester sp. x-sect stem (J20),4890,R-J
Dianthera americana x-sect of Stem (J21),4889,R-J
Medicago three stem stages c.s. (J22) ,4891,R-J
Helianthus Young and mature stems c.s. (J23),4892,R-J
Hellianthus Young and mature stems c.s. (J24),4893,R-J
Helianthus Old stem x.s. (J25),4894,R-J
Helianthus Old stem x.s. (J26),4895,R-J
"Tilia Stem: Cross radial, tangental (J27)",4896,R-J
Sanibucus Longitudinal section of bud (J28),4897,R-J
Quercus dumosa (J29) ,4898,R-J
"Oak wood R.X.T. Sec ""Quercus Keloggi""  (J30) ",4899,R-J
Populus Trichocarpa (J31) ,4900,R-J
Silverberry scaly hair (J32) ,4901,R-J
Magnolia Stem (J33),4902,R-J
Narium Oleander Stem (J34),3788,R-J
Carnation Stems (J35),3790,R-J
Rose Stem X section (J36),4705,R-J
C.S. Clover Stem (J37),5596,R-J
"Protozoa, Noctiluca (K1) ",4903,R-K
Trypanosoma Cruzi (K2) ,4904,R-K
Leishmania Donovani Spleen (K3),5274,R-K
Leishmania Tropica (K4) ,4905,R-K
Leishmania Tropica (K5) ,4906,R-K
Leishmania Tropica (K6) ,4907,R-K
Leishmania donovani (K7) ,4908,R-K
Leishmania donovani (K8) ,4909,R-K
Leishmania donovani (K9) ,4910,R-K
Euglena (K10) ,4911,R-K
Euglena (K11) ,4912,R-K
Euglena (K12) ,5837,R-K
Giardia Lamblia (K13) ,4913,R-K
Entamoeba histolytica trophozoites (K14) ,4914,R-K
"Entamoeba histolytica cysts. w.m, (K15)",4915,R-K
Foraminifera (K16) ,4916,R-K
Foraminifera Strew (K17) ,4917,R-K
Globigerina Opaque mount  (K18) ,4918,R-K
Globigerina Opaque mount  (K19) ,4919,R-K
Deep Sea Ooze Radiolaria (K20) ,4920,R-K
Radiolaria Combination (K21),4921,R-K
Sarcocystis Sec (K22),4922,R-K
Eimeria Stiedae Liver Sec. (K23),4923,R-K
Plasmodium Falciparum Gametocytes Blood Smear (K24),4924,R-K
"Plasmodium Cathemerium Blood Smear, Bird (K25)",4925,R-K
"Paramecium Caudatum, w.m. (K26)",4926,R-K
"Paramecium Caudatum, w.m. (K27)",4927,R-K
"Paramecium Caudatum, w.m. (K28)",4928,R-K
"Paramecium Caudatum, Conjugating (K29)",4929,R-K
Nilnympha  (K31),4930,R-K
"Paramecium in Fission Selected, w.m. (K30)",4931,R-K
"Balantidium Coli, Trophozoites (K32) ",4932,R-K
Pleurococus w.m. (K33),4933,R-K
"Porifera, Reniera, Spicules (K34) ",4934,R-K
"Porifera, Euspongia, Spongin (K35) ",4935,R-K
Euspongia (K36) ,4936,R-K
Grantia c.s. (K37),4937,R-K
Coelenterata Pennaria (K38),4938,R-K
Coelenterata Melitodes Spicules (K39) ,4939,R-K
Hydra Oligactis (K40) ,4940,R-K
Hydra w.m. Sexual  (K41) ,4941,R-K
Hydra w.m. Sexual  (K42) ,4942,R-K
Hydra Plain Budding (K43),4943,R-K
Hydra Plain Budding (K44),4944,R-K
Hydra Nematocyts (K45),4945,R-K
Hydra Nematocyts (K46),4946,R-K
Hydra Adult w/ Bud (K47) ,4947,R-K
Mollusca Glchidium Larva (K48) ,4948,R-K
Planaria x.s. (L1) ,4949,R-L
Planaria x.s. (L2) ,4950,R-L
PLanaria x.s. (L3),4951,R-L
Planaria x.s. (L4),4952,R-L
PLanaria x.s. (L5) ,4953,R-L
Planaria x.s. (L6),4954,R-L
Platyhelminthes Planaria (L7) ,4995,R-L
Platyhelminthes Taenia Ova (L8),4955,R-L
Platyhelminthes Taenia Proglottid c.s. (L9) ,4956,R-L
Taienia Solium Cysticercus (L10),4957,R-L
Cysticercus Cellulosae (L11) ,4958,R-L
Nematelminthes Enterobius (L12),4959,R-L
Nematelminthes Enterobius Ova (L13),4960,R-L
Nematelminthes Enterobius (L14) ,4961,R-L
Filaria Bancrofti in Blood (L16) ,4963,R-L
Strongyloides Parasitic Females (L17) ,4964,R-L
Nemahelminthes Ascaris Ova (L18) ,4965,R-L
Nemat Helminthes Ascaris c.s. (L19),4994,R-L
"Ascaris Female, x.s. (L20) ",4966,R-L
Ascaris Penetration of Sperm (L21) ,4967,R-L
"Hookworm, Infective Larvae (L22) ",4968,R-L
"Echinococcus Cyst, Sec. (L23) ",4969,R-L
Lumbricus Terrestris Ts (L24) ,4970,R-L
Worm x.s. (L25),4971,R-L
Worm x.s. (L26) ,4972,R-L
Worm x.s. (L27),4973,R-L
Arthropada Naupilus Balanus Larva (L28) ,4974,R-L
"Water Flea, Daphnia Pulex  (L29) ",4975,R-L
Daphnia (L30),4976,R-L
Arthropoda cyclops etc (L31) ,4977,R-L
Centipede Head (L32) ,4978,R-L
Starfish Cleavage (L33) ,4979,R-L
Starfish Cleavage (L34) ,4980,R-L
"Starfish, Stomach (L35) ",4981,R-L
Amphioxus w.m. sp. (L37) ,4983,R-L
"Amphioxus c.s., Gillis Gonads, Intestine (L38) ",4982,R-L
Amphioxus Trans Sec. 3 Regions (L39) ,4984,R-L
Amphioxus Trans Sec. 3 Regions (L40) ,4985,R-L
"Amphioxus, Unfertilized Eggs (L41)",4986,R-L
"Amphioxus, Early Cleavage (L42) ",4987,R-L
Amphioxus Gastrula (L43) ,4988,R-L
Cephalochoroa Amphioxus c.s(L44) ,4989,R-L
Amphioxus Lanceolatus Young (L45) ,4990,R-L
Amphioxus Lanceolatus Young (L46),4991,R-L
"Ammotocetes, w.m. (L47) ",4992,R-L
Clavellina (Tunicate) Larva Entire (L48) ,4993,R-L
Dermanyssus Gallinae (M1) ,4996,R-M
Dermanyssus Gallinae (M2) ,4997,R-M
Dermanyssus Gallinae (M3) ,5838,R-M
Collembola (M5) ,4998,R-M
Collembola (M6) ,4999,R-M
Book Louse (M8) ,5000,R-M
Dragonfly Naiad L-Section (M9) ,5001,R-M
Stonefly Nymph May Fly (M10) ,5002,R-M
Antenna of Locust (M12) ,5003,R-M
Head Capsule and Mouth Piece of Cockroach (M11) ,5004,R-M
Periplanata Americicana Dorsal Region of Head (M120 ,5005,R-M
Head of Sand Cricket (M14) ,5006,R-M
Grasshopper Mouth Parts (m15) ,5007,R-M
Termite Exoskeletons Termopsis Angusticaulis(M17) ,5008,R-M
Termite Exoskeletons Termopsis Angusticaulis Workers (M18),5009,R-M
Protozoa From Termites (M19) ,5010,R-M
"Zootermopsis, sp. Intestinal Smear (M21) ",5012,R-M
"Zootermopsis, sp. Intestinal Smear (M23) ",5014,R-M
"Zootermopsis, sp. Intestinal Smear (M24) ",5015,R-M
"Zootermopsis, sp. Intestinal Smear (M25) ",5011,R-M
CImex Lectularius ,5016,R-M
Ctenocephalus  Male (M34),5017,R-M
Ctenocephalus  Male (M35) ,5018,R-M
"Bedbug, wm, (M36) ",5019,R-M
"Bedbug, wm, (M37) ",5020,R-M
"Bedbug, wm. (M38) ",5021,R-M
Bedbug wm. (M39) ,5022,R-M
Beetle Mouth Parts (N1) ,5023,R-N
Antenna of Butterfly (N3) ,5024,R-N
Antenna of Moth (N4) ,5025,R-N
Butterfly Proboscis (N5),5026,R-N
Butterfly Proboscis (N6),5027,R-N
Proboscis of Moth (N8) ,5028,R-N
Silk Worm Antenna (N9) ,5029,R-N
Arthropada Fibers Silk c.s. (N10) ,5030,R-N
Arthropada Culex Larva (N11) ,5031,R-N
Anasa tristis mouthparts (N12),5901,R-N
Anasa tristis mouthparts (N13),5902,R-N
Mosquito Head - Female (N14) ,5903,R-N
Chaoborus Americana Adult (N16) ,5033,R-N
"Eyistalis Tenax, Rat-tail- maggots (N17)",5034,R-N
Proboscis Of Male Mosquito (N19) ,5035,R-N
Arthropada Culex Head of Male (N20) ,5036,R-N
Compound Eye of Common Fly (N21) ,5037,R-N
Tobanus Mouthparts W.M. (N22) ,5904,R-N
Drosophila Salivary Gland Chromosomes (N25) ,5039,R-N
Drosophila Salivary Gland Chromosomes N(26) ,5040,R-N
Arthropada House Fly Leg (N27),5038,R-N
Ctenocephalides male wm.  (N28) ,5839,R-N
Ctenocephalides male wm.  (N29) ,5041,R-N
Ctenocephalides male wm.  (N30),5042,R-N
Ceratophyllus Fasciatus Female (N31) ,5840,R-N
Ant Leg (N33) ,5043,R-N
Ichneumon Wasp. wm. (N34) ,5044,R-N
Honey Bee Worker Parts (N35) ,5905,R-N
Honey Bee Legs wm. (N36) ,5045,R-N
"Apis 1st, 2nd, 3rd Legs (N37) ",5046,R-N
Apis (N38) ,5047,R-N
Apis (N39),5048,R-N
Apis (N40),5049,R-N
Bee Legs (N41) ,5450,R-N
Apis Mellifera (N42) ,5451,R-N
Middle Leg of Honey Bee  (N43) ,5452,R-N
Atrthropada Honey Bee 3rd Leg (N44) ,5453,R-N
Wing of Honey Bee (N45) ,5841,R-N
Fish Scale Otenoid (O1),5454,R-O
Simple Comlumnar Epithelium Cat (O2) ,5455,R-O
Squamous Epithelium Smear (O3) ,5456,R-O
Squamous Epithelium Triturus (O4) ,5457,R-O
Ciliated Columnar Epithelium (O5) ,5458,R-O
"Epithelium, Stratified (O6) ",5459,R-O
Skin (O7) ,5460,R-O
Olfactory Epithelium (O9) ,5461,R-O
Olfactory Epithelium (O10) ,5462,R-O
Olfactory Epithelium (O11),5463,R-O
Olfactory Epithelium (O12) ,5464,R-O
Adipose Tissue (O13) ,5465,R-O
"Human Skin, White v.s. (O14) ",5467,R-O
"Human Skin, White v.s. (O15) ",5468,R-O
"Human Skin, White v.s. (O16) ",5469,R-O
"Human Skin, White v.s. (O17) ",5470,R-O
"Human Skin, White v.s. (O18) ",5471,R-O
Human Skin Slide (O19) ,3508,R-O
"Human Skin, White v.s. (O20)",5472,R-O
"Human Skin, Negro v.s. (O23)",5473,R-O
"Human Skin, Negro v.s. (O24)",5474,R-O
"Human Skin, Negro v.s. (O25)",5475,R-O
"Human Skin, Negro v.s. (O26)",5476,R-O
"Human Skin, Negro v.s. (O27)",5477,R-O
"Human Skin, Negro v.s. (O28)",5478,R-O
"Human Skin, Negro v.s. (O29)",5479,R-O
"Human Skin, Negro v.s. (O30)",5480,R-O
"Human Skin, V. Sect. (O31)",5481,R-O
"Human Skin, V. Sect. (O32)",5482,R-O
Skin Cancer (O33),5483,R-O
Human Skin H+E (O34),5466,R-O
"Human Skin , Negro v.s (O35)",5484,R-O
Aves Bird (P1),5485,R-P
Mouse Hair (P2),5486,R-P
Alpaca Hair (P3),5487,R-P
Mammalia Sheep Wool c.s. (P4) ,5488,R-P
Mammalia Sheep Wool c.s. (P5) ,5489,R-P
Horse w.m. of Hairs (P6) ,5490,R-P
Cat Hair (P7),5491,R-P
Human Scalp Horizontal Section (P8),5492,R-P
Human Scalp Horizontal Section (P9),5493,R-P
Human Scalp Horizontal Section (P10) ,5494,R-P
Human Scalp Horizontal Section (P11) ,5495,R-P
Human Scalp Horizontal Section (P12) ,5496,R-P
Human Scalp Horizontal Section (P13),5497,R-P
Human Scalp Horizontal Section (P14) ,5498,R-P
Human Scalp Horizontal Section (P15) ,5499,R-P
Human Scalp Horizontal Section (P16) ,5500,R-P
Human Scalp Horizontal Section (P17) ,5501,R-P
Human Scalp Horizontal Section (P18) ,5502,R-P
Human Scalp Horizontal Section(P19) ,5503,R-P
"Human Scalp, White v.s. (P20)",5504,R-P
"Human Scalp, White v.s. (P21) ",5505,R-P
"Human Scalp , White v.s. (P22) ",5506,R-P
"Human Scalp, White v.s. (P23) ",5507,R-P
"Human Scalp , White v.s. (P24) ",5508,R-P
"Human Scalp, White v.s. (P25) ",5509,R-P
"Human Scalp , White v.s. (P26)",5510,R-P
"Human Scalp , White v.s. (P27) ",5511,R-P
"Human Scalp , White v.s. (P28)",5512,R-P
"Human Scalp , White v.s. (P29) ",5513,R-P
"Human Scalp , White v.s. (P30)",5514,R-P
Human Scalp (P31) ,5515,R-P
Developing Bone (Q1) ,5516,R-Q
Developing Bone (Q2),5517,R-Q
Developing Bone (Q3) ,5518,R-Q
Developing Bone L.D. Eudochondral (Q4) ,5519,R-Q
Bone Dry Ground Human c.s. (Q5) ,5520,R-Q
Bone Dry Ground Human c.s. (Q6) ,5521,R-Q
Bone Dry Ground Human c.s. (Q7),5522,R-Q
Bone Dry Ground Human c.s. (Q8),5523,R-Q
Bone Dry Ground Human c.s. (Q9),5524,R-Q
Ground Bone IS. (Q11) ,5525,R-Q
Human Femur Ground x.s. (Q12),5526,R-Q
Ground Bone x.s. (Q13) ,5527,R-Q
Bone x.s. (Q14) ,5528,R-Q
Ground  Bone Thin Sec. (Q15) ,5529,R-Q
Bone Human Ground Ts. (Q16) ,5530,R-Q
Ground Bone Tissue (Q17) ,5531,R-Q
Bone Tissue Ground (Q18) ,5532,R-Q
Bone TS Decalcified (Q19) ,5533,R-Q
Bone x.s. (Q20) ,5534,R-Q
"Striated Muscle, Teased (R2) ",5535,R-R
"Striated Muscle, Teased (R3) ",5536,R-R
"Striated Muscle, Teased (R4) ",5537,R-R
"Striated Muscle, Teased (R5) ",5538,R-R
Striated Muscle Section (R7) ,5539,R-R
Muscle Striated Long Sect. (R8) ,5540,R-R
Muscle Striated Long Sect. (R9) ,5541,R-R
Striated Muscle Long Section (R10) ,5542,R-R
"Heart Muscle, Teased (R11)",5543,R-R
"Heart Muscle, Teased (R12)",5544,R-R
"Heart Muscle, Teased (R13)",5545,R-R
"Heart Muscle, Teased (R14)",5546,R-R
"Heart Muscle, Teased (R15) ",5547,R-R
"Human Heart, H+E (R16) ",5548,R-R
Cardiac Muscle Coelestin Blue + Eosin (R17) ,5549,R-R
Cardiac Muscle (R19) ,5601,R-R
Cardiac Muscle c.s. and l.s. (R20) ,5602,R-R
Cardiac Muscle (R21) ,5603,R-R
Smooth Muscle Teased (R22) ,5604,R-R
Smooth Muscle Teased (R23) ,5605,R-R
"Smooth Muscle, Teased (R24)",5606,R-R
Smooth Muscle Teased (R25),5607,R-R
Smooth Muscle Teased (R26),5608,R-R
"Smooth Muscle, Isolated (R27)",5609,R-R
 Abdominal Wall Mammal (R28),5610,R-R
Striated Muscle (R30) ,5611,R-R
Striated Muscle (R31) ,5612,R-R
Striated Muscle(R32) ,5613,R-R
"Striated Muscle, Human (R33) ",5614,R-R
"Striated Muscle, Human (R34)",5615,R-R
"Striated Muscle, Human (R35)",5616,R-R
"Striated Muscle, Human (R36)",5617,R-R
Involuntary Muscle cs and is. (R37) ,5618,R-R
Involuntary Muscle cs and is. (R38),5619,R-R
Involuntary Muscle cs and is. (R39),5620,R-R
Involuntary Muscle cs and is. (R40),5621,R-R
Cerebrum Human Sec. (S1),5622,R-S
Cerebrum Human Sec. (S2) ,5623,R-S
Cerebrum Human Sec. (S3) ,5624,R-S
Cerebrum Human Sec. (S4) ,5625,R-S
Cerebrum Human Sec. (S5) ,5626,R-S
Cerebrum Human Sec. (S6) ,5627,R-S
Cerebrum Human Sec. (S7) ,5628,R-S
Cerebrum Human Sec. (S8) ,5629,R-S
Cerebrum Human Sec. (S9) ,5630,R-S
Cerebrum Human Sec. (S10) ,5631,R-S
Cerebrum Human Sec. (S11) ,5632,R-S
Cerebrum Human Sec. (S12) ,5633,R-S
"Cerebrum, Golgi Stain (S13)",5634,R-S
"Cerebrum, Golgi Stain (S14)",5635,R-S
"Cerebrum , Golgi Sec. (S15)",5636,R-S
Medullated Nerve Human C.S. (S17),5638,R-S
Medullated Nerve Human C.S. (S18),5639,R-S
Medullated Nerve Human C.S. (S19),5640,R-S
Medullated Nerve Human C.S. (S20),5641,R-S
Medullated Nerve Human C.S. (S21),5642,R-S
Medullated Nerve Human C.S. (S22),5643,R-S
Medullated Nerve Human C.S. (S23),5644,R-S
Medullated Nerve Human C.S. (S24),5645,R-S
Meduallated Nerve c.s. & l.s. (S25),5646,R-S
Meduallated Nerve c.s. & l.s. (S26),5647,R-S
Meduallated Nerve c.s. & l.s. (S27),5648,R-S
Medullated Nerve Teased (S29),5649,R-S
Sympathetic Ganglion Human Sec. (S,5650,R-S
Sympathetic Ganglion Human Sec. (S,5651,R-S
Sympathetic Ganglion Human Sec. (S,5652,R-S
Sympathetic Ganglion Human Sec. (S,5653,R-S
Sympathetic Ganglion Human Sec. (S,5654,R-S
Sympathetic Ganglion Human Sec. (S,5655,R-S
Sympathetic Ganglion Human Sec. (S,5656,R-S
Sympathetic Ganglion Human Sec. (S,5657,R-S
Sympathetic Ganglion Human Sec. (S,5658,R-S
Sympathetic Ganglion Human Sec. (S,5659,R-S
Sympathetic Ganglion Human Sec. (S,5660,R-S
Sympathetic Ganglion Human Sec. (S,5661,R-S
Sympathetci Ganglion & Myelinated Nerve (S42),5662,R-S
Sympathetci Ganglion & Myelinated Nerve (S43) ,5665,R-S
Autonomic Nervous System (S44) ,5663,R-S
Cerebellum Golgi Sec. (S45) ,5664,R-S
Spinal Cord c.s. and I.s. (T1) ,5666,R-T
Spinal Cord c.s. and I.s. (T2) ,5667,R-T
Spinal Cord c.s. & l.s. (T3),5668,R-T
Spinal Cord c.s. & l.s. (T4),5669,R-T
Spinal Cord c.s. & l.s. (T5),5670,R-T
Spinal Cord c.s. & l.s. (T6),5671,R-T
Spinal Cord c.s. & l.s. (T7),5672,R-T
Spinal Cord c.s. & l.s. (T8),5673,R-T
Spinal Cord c.s. & l.s. (T9),5674,R-T
Spinal Cord c.s. & l.s. (T10),5675,R-T
Spinal Cord c.s. & l.s. (T11),5676,R-T
Spinal Cord of Cat (T12),5677,R-T
Spinal Cord X-Sect (T13),5678,R-T
Spinal Cord X-Sect Cat (T14),5679,R-T
Nerve Tissue Spinal Cord of Cat (T15),5680,R-T
Spinal Cord X-Sect (T17),5681,R-T
Spinal Cord (T18),5682,R-T
Spinal Nerve Root Human c.s. (T19),5683,R-T
Spinal Nerve Root Human c.s. (T20),5684,R-T
Spinal Nerve Root Human c.s. (T21),5685,R-T
Spinal Nerve Root Human c.s. (T22),5686,R-T
Spinal Nerve Root Human c.s. (T23),5687,R-T
Spinal Nerve Root Human c.s. (T24),5688,R-T
Spinal Nerve Root Human c.s. (T25),5689,R-T
Spinal Nerve Root Human c.s. (T26),5690,R-T
Spinal Nerve Root Human c.s. (T27),5691,R-T
Spinal Nerve Root Human c.s. (T28),5692,R-T
Spinal Nerve Root Human c.s. (T29),5693,R-T
Neuron Smear w.m. (T30),5694,R-T
Neuron Smear w.m. (T31),5695,R-T
Giant Multipolar Neurons Smear (T32),5696,R-T
Giant Multipolar Neurons Smear (T33),5697,R-T
Motor End Organs w.m. (T34),5698,R-T
Motor End Organs w.m. (T35),5699,R-T
"Motor Nerve Endings, Muscle (T36)",5700,R-T
"Motor Nerve Endings, Muscle (T37)",5701,R-T
Pacinian Corpuscle w.m. (T38),5702,R-T
"Pacinian Corpuscle Mesentery, Sec (T39)",5703,R-T
"Pacinian Corpuscle Mesentery, Sec (T40)",5704,R-T
"Pacinian Corpuscle Mesentery, Sec (T41)",5705,R-T
"Pacinian Corpuscle Mesentery, Sec (T42)",5706,R-T
"Pacinian Corpuscle Mesentery, Sec (T43)",5707,R-T
Meissner's Corpuscles Sec. (T44),5708,R-T
Meissner's Corpuscles Sec. (T45),5709,R-T
"Tongue,Rabbit, Taste Buds (U1)",5710,R-U
"Tongue,Rabbit, Taste Buds (U2)",5711,R-U
"Tongue,Rabbit, Taste Buds (U3)",5712,R-U
"Tongue,Rabbit, Taste Buds (U4)",5713,R-U
"Tongue,Rabbit, Taste Buds (U5)",5714,R-U
"Tongue,Rabbit, Taste Buds (U6)",5715,R-U
"Lepus Cuniculus,x.s. Tongue (U7)",5716,R-U
Tongue of Rabbit (U8),5717,R-U
Tongue of Rabbit (U9),5718,R-U
"Tongue,Monkey Taste Buds (U10)",5719,R-U
"Dasypus, sp. Tongue X. Section (U11)",5720,R-U
Tongue (U12),5721,R-U
Tongue (U13),5722,R-U
"Internal Ear, Cochlea (U14)",5723,R-U
"Internal Ear, Cochlea (U15)",5724,R-U
"Internal Ear, Cochlea (U16)",5725,R-U
"Internal Ear, Cochlea (U17)",5726,R-U
"Internal Ear, Cochlea (U18)",5727,R-U
"Internal Ear, Cochlea (U19)",5728,R-U
"Internal Ear, Cochlea (U20)",5729,R-U
"Internal Ear, Cochlea (U21)",5730,R-U
"Internal Ear, Cochlea (U22)",5731,R-U
"Internal Ear, Cochlea (U23)",5732,R-U
"Internal Ear, Cochlea (U24)",5733,R-U
"Internal Ear, Cochlea (U26)",5734,R-U
Internal Ear of Kitten Axial Sect. of Cochlea (U27),5735,R-U
Internal Ear of Kitten Axial Sect. of Cochlea (U28),5736,R-U
Middle Ear Kitten Sag Sec. (U29),5737,R-U
"Monkey Eye, Medium (U30)",5738,R-U
"Monkey Eye, Medium (U31)",5739,R-U
"Monkey Eye, Medium (U32)",5740,R-U
"Monkey Eye, Medium (U33)",5741,R-U
"Monkey Eye, Fovea (U34)",5742,R-U
"Monkey Eye, Fovea (U35)",5743,R-U
"Retina, Monkey (U36)",5744,R-U
"Retina, Monkey (U37)",5745,R-U
"Retina, Monkey (U38)",5746,R-U
"Retina, Monkey (U39)",5747,R-U
"Retina, Monkey (U40)",5748,R-U
Back of Eye Mammal (U41),5749,R-U
"Rana, Blood Smear (Frog) (V1)",5750,R-V
Cow Blood Corpuscles (V2),5751,R-V
Blood Normal (V3),5752,R-V
Blood Normal (V4),5753,R-V
Blood Normal (V5),5754,R-V
Blood Normal (V7),5756,R-V
Human Blood (V8),5755,R-V
Human Blood Smear (V9),5757,R-V
"Blood Smear Human, Wrights (V10)",5758,R-V
White Corpuscles (V11),5759,R-V
White Corpuscles (V12),5760,R-V
Acute Monocytic Leukemia Blood Smear (V13),5761,R-V
Acute Monocytic Leukemia Blood Smear (V14),5762,R-V
Acute Monocytic Leukemia Blood Smear (V15),5763,R-V
Acute Monocytic Leukemia Blood Smear (V16),5764,R-V
Acute Monocytic Leukemia Blood Smear (V17),5765,R-V
Peripheral Blood Smear human (V18),5844,R-V
Peripheral Blood Smear human (V19),5766,R-V
Aorta (V20),5767,R-V
Spleen 17 yrs old boy auto accident (V21),5768,R-V
Spleen (V22),5769,R-V
Frog Heart (V23),5770,R-V
Frog Heart x-sect. (V24),5771,R-V
Spleen Frog (V26),5773,R-V
"Rattus Rattus, Long Sect. Heart (V27)",5774,R-V
Rattus sp. Mesenteric Spread (V28),5775,R-V
Liver (V29),5776,R-V
"Blood Smear, Human (V30)",5842,R-V
Human Blood Smear (V31),1422,R-V
"Tardus, Lung (W1)",5777,R-W
"Rattus, Rattus Norvigieus; L Sect. Lung (W2)",5778,R-W
"Rattus, Rattus Norvigieus; L Sect. Lung (W3)",5779,R-W
"Rattus, Rattus Norvigieus; L Sect. Lung (W4)",5780,R-W
Rat Lung x.s. (W5),5781,R-W
Rat Lung x.s. (W6),5782,R-W
Rat Lung Long Section (W7),5783,R-W
Trachea (W8),5784,R-W
Lung Demonstration Model (W9),5785,R-W
"Tooth Root, x.s. Ground (X1)",5786,R-X
"Tooth Root, x.s. Ground (X2)",5787,R-X
Submaxillary Human (X3),5789,R-X
Esophagus (X4),5788,R-X
Esophagus (X5),5790,R-X
Frog Stomach (X6),5791,R-X
Frog Stomach (X7),5792,R-X
"Stomach Pylone, Section Dog (X8)",5793,R-X
Gall Bladder (X9),5794,R-X
"Dasypus, sp Liver X-Sect. (X10)",5795,R-X
Frog Liver x.s. (X11),5796,R-X
Rat Liver X. Sect. (X12),5797,R-X
Frog Intestine (X14),5799,R-X
"Intestine, Rana sp. (X15)",5800,R-X
"Intestine Rana, sp. (X16)",5801,R-X
"Intestine Rana, sp. (X17)",5802,R-X
Dendroica Intestine c.s. (X18),5803,R-X
"Cat, sm. intestine (X19)",5804,R-X
"Cross Section; Jejunum, Small Intestine (X20)",5805,R-X
Guinea Pig (X21),5806,R-X
Ileum (X22),5807,R-X
Ileum (X23),5835,R-X
Small Bowel (X24),5808,R-X
Colon (X25),5809,R-X
Colon (X26),5810,R-X
"Large Intestine, Cat (X27)",5811,R-X
Cancer of Colon (X28),5812,R-X
Cancer of Colon (X29),5813,R-X
"Amphiuma, Small Intestine Cross Section (X30)",5814,R-X
Thymus (X31),5815,R-X
Thyroid (X32),5816,R-X
Pancreas (X33),5817,R-X
Fish Intestine (X34),5818,R-X
Duodenum (X35),5819,R-X
"Kidney, Rana sp., Transvers Sect. (Y1)",5820,R-Y
"Kidney, Rana sp., Transvers Sect. (Y2)",5821,R-Y
"Kidney, Rana sp., Transvers Sect. (Y3)",5822,R-Y
"Kidney, Rana sp., Transvers Sect. (Y4)",5823,R-Y
Human Kidney (Y5),5824,R-Y
Adrenal Gland Human (Y6),5825,R-Y
ABarr's Bodies in Cheek Cells (Y7),5826,R-Y
Barr's Bodies Spinal Cord Section (Y8),5827,R-Y
Crayfish Ovary c.s.(Y9),5828,R-Y
Ovary of Cat Long Section (Y10),5829,R-Y
Human Ovary (Y11),5830,R-Y
Human Ovary (Y12),5831,R-Y
Uterus and Secretory Endometrium (Y13),5832,R-Y
Frog Testis (Y14),5833,R-Y
Prostate With Very Early Cancer (Y15),5834,R-Y
Gray Fox #2,8148,S-1-1
Dog Flea Larva and Adult ,2179,K-1-1
Life Cycle of a Dragonfly,2259,K-1-2
Dragonfly ,2248,K-1-3
Dragonfly and Cricket,2256,K-1-4
Dragonfly and Grasshopper,2260,K-1-5
Damselfly,2273,K-1-6
Dragonfly Life Cycle,2265,K-1-7
Beneficial Insects,2266,K-1-8
Louse Types,2292,K-1-9
Dragonfly Life Cycle,2264,K-1-10
"Labrum, Mandible (Mouth Parts)",2294,K-1-11
Bristle Tail,2285,K-1-12
Lepisma (Silver Fish),2293,K-1-13
Unknown Insect,2272,K-1-14
Bristletail,2269,K-1-15
Unknown Flying Insect,2270,K-1-16
Dragonfly,2258,K-1-17
Insect Display,3162,K-1-18
Stonefly,2254,K-1-19
Papilio Damnus,2247,K-1-20
Butterfly Life History in Resin,1242,K-1-21
Mud Dauber Nest,1561,K-1-22
Termite Frass ,5279,K-1-23
Dragonfly,2250,K-1-24
Dragonfly,2251,K-1-25
Dragonfly,2252,K-1-26
Dragon Fly,2010,K-1-27
Dragonflies,2249,K-1-28
Dragonfly,2255,K-1-29
Life Cycle of Damselfly,2253,K-1-30
Dragonflies,2245,K-1-31
Damselflies,2246,K-1-32
Dragonflies,2244,K-1-33
Dragonfly Collection,2889,K-1-34
Drone Flies and Drone Fly Larva,2142,K-2-1
Beetle Collage,2854,K-2-2
Catolipsia Argate,2855,K-2-3
Assorted Insect Display,2894,K-2-4
Assorted Insect Display,2895,K-2-5
Assorted Insect Display,2896,K-2-6
House Fly,2144,K-2-7
Malarial Mosquito,2146,K-2-8
Insect Galls on Oak Leaf,2154,K-2-9
Mosquito,2011,K-2-10
Crane Fly,2153,K-2-11
Flower Fly,2152,K-2-12
Moth,2087,K-2-13
Fly Eggs,1706,K-2-14
Sarcohaga Bullata Female Flies Emerging (Small Pads on Feet),2148,K-2-15
Fly Pupae,2149,K-2-16
Sarcohaga Bullata Female Flies Emerging (Small Pads on Feet),2147,K-2-17
Med Fly,2150,K-2-18
Med Fly,2151,K-2-19
Beneficial Insects,2195,K-2-20
Cicada Life Cycle,2116,K-2-21
Termite,2145,K-2-22
Flies,2143,K-2-23
Mosquito,2155,K-2-24
House Fly Life History,2134,K-2-25
May Fly,2267,K-2-26
Honey Bee Life History,2221,K-2-27
House Fly Life History,2135,K-2-28
House Fly Life History,2136,K-2-29
2 Large Flies,2138,K-2-30
2 Large Flies,2140,K-2-31
2 Large Flies,2139,K-2-32
May Fly - Nymph and Adult,2141,K-2-33
May Fly,2271,K-2-34
Shade and Ornamental Plant Pests of North America,2189,K-2-35
Harmful Insects Collection,2190,K-2-36
Moths,1404,K-3-1
Silkworm Life History,2890,K-3-2
Silkworm Life Cycle,2096,K-3-3
Silkworm Moth Bombyx Mori,2107,K-3-4
Silkworm Moth,2112,K-3-5
Silkworm Moth,2113,K-3-6
Silkworm Life Cycle,2108,K-3-7
Silkworm Life Cycle,2109,K-3-8
Silk Cocoons,2102,K-3-9
Silk Cocoons,2103,K-3-10
Silk Cocoons,2099,K-3-11
Cocoon and Silkworm,2089,K-3-12
Silk Moth Life Cycle,2105,K-3-13
Silk Moth Life Cycle,2106,K-3-14
Silk Cocoons,2100,K-3-15
Silk Cocoons,2101,K-3-16
Silk Moth Cocoon,2104,K-3-17
Silkworm Life Cycle,2098,K-3-18
Silkworm Life Cycle,2097,K-3-19
Silkworm Life Cycle,2095,K-3-20
Silkworm Life History,2891,K-3-21
Order Collembola Family Entomobyidae #1,3852,K-4-1
Order Collembola Family Sminthuridae,3254,K-4-1
Insect Specimen,3266,K-4-1
Insect Specimen,3263,K-4-1
Ephemeroptera Family Baetidae,3255,K-4-1
Insect Specimen,3236,K-4-1
Isoptera Family Kalotermitidae,3256,K-4-1
Insect Specimen,3253,K-4-1
Walking Stick,3257,K-4-1
Hemoptera Family Cercopidae,3262,K-4-1
Hemoptera Family Aphididae,3264,K-4-1
Walking Stick,3257,K-4-1
Insect Specimen,3265,K-4-1
Order Coleoptera Family Tenebrionidae,3261,K-4-1
Order Coleoptera Family Tenebrionidae,3258,K-4-1
Insect Specimen,3260,K-4-1
Tomato Sphinx Moth Camouflage,2196,K-4-2
Polyphemus Moth,2077,K-4-3
Tomato Sphinx Moth,2081,K-4-4
Polyphemus Moth,2078,K-4-5
Clothes Moths,2157,K-4-6
Pupa and Chrysalis Riker Mount,1250,K-4-7
Chrysalis,2094,K-4-8
Lepidoptera Pupa,3858,K-4-9
Moth,2092,K-4-10
Bombyx Mori Life History,2114,K-4-11
Lepidoptera Pupa,3857,K-4-12
"Polyphemus Moth (Female, Male and Eggs)",2885,K-4-13
Butterfly Collection,2892,K-4-14
Polyphemus Moth,2076,K-4-15
Cecropia Moth,2893,K-4-16
Polyphemus Moth Life Cycle,2079,K-4-17
Butterfly and Moth Comparison,2083,K-4-18
Male and Female Gypsy Moths,2093,K-4-19
Cocoon ,3935,K-4-20
Meal Worms,3930,K-4-21
Chrysalis,3928,K-4-22
Chrysalis,3927,K-4-23
Caterpillar,3931,K-4-24
Chrysalis,3923,K-4-25
Caterpillar,3932,K-4-26
Chrysalis,3925,K-4-27
Chrysalis,3924,K-4-28
Sphinx Moth and Pupa,8898,K-4-29
Oak Silk Moth Chrysalis,3934,K-4-30
Pupa and Chrysalis,1252,K-4-31
Cocoon,2088,K-4-32
Cocoon ,3929,K-4-33
Chrysalis,3919,K-4-34
Chrysalis,3920,K-4-35
Chrysalis,3921,K-4-36
Chrysalis,3850,K-4-37
Nevada Buck Moth Eggs,8899,K-4-38
Chrysalis,8879,K-4-39
Tomato Sphinx Moth Caterpillar,1253,K-4-40
Chrysalis,3933,K-4-41
Tomato Sphinx Moth Caterpillar,3851,K-4-42
Tomato Sphinx Moth,1256,K-4-43
Butterfly or Moth Eggs,1254,K-4-44
Gall Wasp on Calif. Live Oak,3926,K-4-45
Chrysalis,3922,K-4-46
Chrysalis,8746,K-4-47
Chrysalis,8747,K-4-48
Moth Eggs,1403,K-4-49
Polyphemus Eggs,2090,K-4-50
Polyphemus Eggs,1255,K-4-51
Pupa and Chrysalis Riker Mount,1251,K-4-52
Polyphemus Moth Cocoon,3859,K-4-53
Butterfly Collection,2080,K-4-54
White Lined Sphinx Moth,2085,K-4-55
Underwing Moth,2084,K-4-56
Polyphemus Male and Female Life Cycle,2086,K-4-57
Moth,2087,K-4-58
Fly Life Cycle,2111,K-4-59
DeadLeaf Butterfly,2886,K-4-60
Moth Mount,1201,K-4-61
Lac on Twig,2242,P-17-1
Giant Water Bug,2207,P-17-2
Giant Water Bug,2208,P-17-3
Water Bug,2226,P-17-4
May Fly,2222,P-17-5
Unknown Flying Insect,2227,P-17-6
Giant Water Bug Display,2211,P-17-7
Unknown Giant Flying Insect,2213,P-17-8
Large Winged Insect,2214,P-17-9
Water Bugs with Eggs on Back,2232,P-17-10
Honey Bee Life History,1985,P-17-11
Bee,2180,P-17-12
Bumblebees,2176,P-17-13
Honey  Bee Life History ,2183,P-17-14
Honey Bee,2313,P-17-15
Solitary Wasp Nest,2171,P-17-16
Water Strider,2216,P-17-17
Water Strider,2217,P-17-18
Giant Water Bug,2210,P-17-19
Unknown Water Bug,2225,P-17-20
Cicada Nymph Skin on Mugwort,9169,P-17-21
Cicada,2215,P-17-22
Wasp Nest,2163,P-17-23
Queen Bee Cell,2333,P-17-24
Honey Bee,2309,P-17-25
Honey Bee Life History,2322,P-17-26
Honey Bee,2320,P-17-27
Honey Bee,2318,P-17-28
Honey Bee Life History,2329,P-17-29
Bees,2181,P-17-30
Honey Bee Life History,2324,P-17-31
Queen Bee,7988,P-17-32
Mud Dauber Nest,2158,P-17-33
Bee,2169,P-17-34
Cicada,2223,P-17-35
Cicada,2224,P-17-36
Fleas,2236,P-17-37
Fleas,1989,P-17-38
Lice,2237,P-17-39
Beetle,1988,P-17-40
Beetle,1997,P-17-41
Spotted Milkweed Bugs,2233,P-17-42
Beetles,2941,P-17-43
Carabid Beetle,1967,P-17-44
Foundation Wall for Beehive,2301,P-17-45
Foundation Wall for Beehive,2302,P-17-46
Bee,2182,P-17-47
Carpenter Bee,2170,P-17-48
Scale Insects,2229,P-17-49
Beeswax,9507,P-17-50
Louse Types,2240,P-17-51
Louse Types,2291,P-17-52
Squash Bug Metamorphosis,1984,P-17-53
Bed Bug,2228,P-17-54
Bed Bug Nymphs and Adults,1987,P-17-55
Beetles,1993,P-17-56
Blister Beetle,6149,P-17-57
Water Beetle,1991,P-17-58
Beetle,1957,P-17-59
Worker Comb with Eggs in Each Cell,2331,P-17-60
House Fly Life History,2133,P-17-61
Complete and Incomplete Metamorphosis,1982,P-17-62
Bird Milkweed Beetle,2008,P-17-63
Complete and Incomplete Metamorphosis,1983,P-17-64
Scarabs,2115,P-17-65
Sarab Beetle,1978,P-17-66
Longhorn Wood Boring Beetle,1977,P-17-67
Gall on White Oak,2164,P-17-68
Coast Lined June Beetle,1975,P-17-69
5 Mounted Starfish,2442,P-18-1
Starfish,5050,P-18-2
20 Rayed Sea Star,5051,P-18-3
Feather Boa Seaweed,1005,P-18-4
Coraline Algae (Corallina Gracilis),1002,P-18-5
Red Algae (Endocladia Muricata),1001,P-18-6
Mushroom Coral,3963,P-18-7
Dried Seaweed,7989,P-18-8
Dried Seaweed,7990,P-18-9
Dried Seaweed,7991,P-18-10
Dried Seaweed,7992,P-18-11
Dried Seaweed,7993,P-18-12
Dried Seaweed,7994,P-18-13
Starfish Showing New Arm Growth,2437,P-18-14
Coraline Algae (Corallina Gracilis),1000,P-18-15
Starfish,2436,P-18-16
Coraline Algae (Corallina Gracilis),1003,P-18-17
Small Sea Urchin with Spine,2901,P-18-18
Sea Urchin Spine,3281,P-18-19
Starfish,1585,P-18-20
Sea Urchin Half,3277,P-18-21
Sea Urchin,3280,P-18-22
Sand Dollar ,3283,P-18-23
Brittle Star,2428,P-18-24
Sea Urchin,4659,P-18-25
Sea Urchin,4661,P-18-26
Two Small Sea Urchins,4662,P-18-27
Sea Urchin,3279,P-18-28
Sea Urchin,3276,P-18-29
Mini Sea Urchins,4663,P-18-30
Sea Urchin,3278,P-18-31
Aristotle's Lantern (Sea Urchin Mouthparts),3275,P-18-32
Mounted Sand Dollars,2897,P-18-33
Sand Dollar with Limpet,1424,P-18-34
Sand Dollars (7),1604,P-18-35
Sand Dollar,1483,P-18-36
Cat Skeleton,4665,I-1-2
Brontosaurus Model,4801,I-1-3
Flower Model ,2835,I-1-4
Cat Model,1657,I-1-5
Clam Model,1222,I-1-6
Leaf Cross-Section,8721,I-1-7
Crayfish Model,1225,I-1-8
Flower Model ,3684,I-1-8
Opossum,1267,I-1-9
Oak Tree Guals,8242,H-1-1
Cardoon,2849,H-1-1
California Buck Eye,2985,H-1-1
Kapok,2946,H-1-1
Cotton Balls,2954,H-1-1
Kapok,2984,H-1-1
Cotton Balls,2840,H-1-1
Flingio Sperms,2990,H-1-1
Castor Bean,2949,H-1-1
Kapok Mexico,2683,H-1-1
Radish,1144,H-1-1
Valley Oak Acorns,2371,H-1-1
Unknown Acorns (Possibly Oak),2377,H-1-1
Oak Seeds,2378,H-1-1
Large California Lima Beans,2379,H-1-1
Red Kidney Beans,2415,H-1-1
Oregon Oak,2420,H-1-1
Whole Peas,2424,H-1-1
Garry Oak,2672,H-1-1
Black Oak,2674,H-1-1
Apricot Pits,2675,H-1-1
Raw Coffee Beans,2680,H-1-1
Raw Coffee Beans,2685,H-1-1
Beech,2687,H-1-1
Pine Nuts,2692,H-1-1
Raw Rubber from a Rubber Tree,2693,H-1-1
Interior Live Oak Acorns,2695,H-1-1
White Dutch Clover,2691,H-1-1
Sunflower Seeds,2694,H-1-1
Beetch,2700,H-1-1
Tanbark Oak,2702,H-1-1
Real Top Seed,3948,H-1-1
Beans,3952,H-1-1
Grass Seed ,3954,H-1-1
Almond Nuts,3955,H-1-1
Acorn Nuts,4541,H-1-1
Wheat Seeds,7785,H-1-1
Striped Skunk,1269,B-1-1
Spotted Skunk,1227,B-2-2 
Denali National Park,9575,T-1-1
Marine Fishes of the California Current and Adjacent Waters,9428,T-1-1
Map of the world,9468,T-1-2
How a Topographic is Made,5219,T-1-2
San Fransisco Bay Area - Infared Map,5229,T-1-2
"Santa Teresa Hills, California",9487,T-1-3
"Santa Cruz, California",9481,T-1-3
"Monterey, California",9467,T-1-3
"San Jose West, California",9488,T-1-3
Waterfowl,6810,T-1-4
Winter Birds,1724,T-1-4
Mammals of the Mountain,6824,T-1-4
Marsh and Water Birds,6822,T-1-4
Natural Hazards Potential Map of the Circum,9585,T-2-1
Energy-Resource Map of the Circum,9587,T-2-1
Map of the State of California-Antique Style,9474,T-2-2
Map of the State of California-Antique Style 1857,3804,T-2-2
Population distribution - USA 1990,9609,T-2-2
"San Jose West, California",9488,T-2-3
Washoe District showing mining claims 1881,9482,T-2-3
"Milpitas, California",9489,T-2-3
"Santa Teresa Hills, California",9487,T-2-3
"San Mateo, California",9591,T-2-3
"Los Gatos, California",9490,T-2-3
Birds of Prey,6823,T-2-4
Mammals of Farm and Woodlot,1723,T-2-4
Game Birds,6821,T-2-4
Mineral Resources Map of the Circum,9589,T-3-1
Mineral Resources Map of the Circum,9590,T-3-1
Energy-Resource Map of the Circum,9586,T-3-1
World Ocean Floor,4689,T-3-2
Ocean Processes,4797,T-3-2
Polar Ice,9573,T-3-2
Water Works,5235,T-3-2
Global Warming,5240,T-3-3
Clouds,9572,T-3-3
Ozone,9571,T-3-3
California Water,9576,T-3-3
Geology and Active Faults in SF area,3697,T-3-4
Geology and Active Faults in SF area,3697,T-3-4
Mineral and Rock Table -Elsevier's,9564,T-3-4
Generalized Tectonic Map of North America,9472,T-3-4
"Grand Canyon Monument, Arizona",9581,T-4-1
Grand Canyon National Monument,9611,T-4-1
Minerals of the World,9500,T-4-1
Recency of Faulting- San Fransisco,9441,T-4-2
Recency of Faulting- San Fransisco/ San Jose Quadangle,9486,T-4-2
Geology and Active Faults in SF area,3697,T-4-2
Biosphere- the Role of Land Vegetation,9569,T-4-3
Minerals of the World,9562,T-4-3
Rock and Minerals and How To Use Them,5231,T-4-3
Air Our Atmosphere,4798,T-4-4
Air Our Atmosphere,9593,T-4-4
Air Our Atmosphere,4798,T-4-4
California Water,9576,T-5-1
San Fransisco Bay Area Earthquakes,8051,T-5-1
Know Your Ducks,6820,T-5-1
Earthquake Shaking Potential for California,4670,T-5-2
Earthquake Engineering in the 20th Century,7482,T-5-2
San Fransisco Bay Area Earthquakes,8051,T-5-2
Volcanoes,9448,T-5-3
Rocks and Minerals (Eyewitness Wallchart),9563,T-5-3
Igneous Rock,9561,T-5-3
Igneous Rock,9610,T-5-3
US Borax,7567,T-5-4
Crater Lake Revealed,7479,T-5-4
Great Disasters - Nature in Full Force,9552,T-5-4
Energy-Resource Map of the Circum,9588,TT-1-1
"Mount St. Helen, Wash. -Sept 7,1999",7481,TT-1-1
Mapping the Solar System,7490,TT-1-2
Geology of the Solar System,9445,TT-1-2
The Solar System,7491,TT-1-2
Hubble Space Telescope,9619,TT-1-3
Space Shuttle Development Program,3803,TT-1-3
Hubble Space Telescope,4792,TT-1-3
Space Station,5244,TT-1-4
Space Shuttle,3802,TT-1-4
Build It Space Walks,4790,TT-1-4
Minerals in Our Environment,9557,TT-2-1
Natural Hazards Potential Map of the Circum,9584,TT-2-1
"Motion: Sun, Earth, Moon",1709,TT-2-2
Solar System Planets,7492,TT-2-2
Sun - Earth Relationships - Space Physics,7496,TT-2-3
Horsehead Nebula,9602,TT-2-3
Man on the Moon,9618,TT-2-4
"Earth, Moon, Mars, Venus",7495,TT-2-4
San Fransisco From Space,3299,TT-2-4
Map of the Sky,5252,TT-3-1
Jupiter with Four Moons,9601,TT-3-2
Astronomy/ Old style map if stars/ Copernicus/ Instruments,7776,TT-3-2
Cosmic Catastrophes,7499,TT-3-3
Asteriod Impacts-Impact Craters,7486,TT-3-3
The Age of Reptiles,9408,TT-3-4
This Dynamic Plant (World Map),9565,TT-4-1
The Great Galaxy in Andromeda,9600,TT-4-2
Saturn with Six Moons,9603,TT-4-2
Stars (life cycles),4791,TT-4-3
El Nino,9570,TT-4-3
Black Holes,3298,TT-4-3
Traveling Through Biotechnology,1707,TT-4-4
How Do Drugs Work,4789,TT-4-4
The Sun,9616,TT-5-1
The Volcano/ in four languages,7480,TT-5-1
Dinosaurs and other Prehistoric Beasts,4799,TT-5-2
Fossils Through Time,9427,TT-5-2
The Water Cycle: Nature's Recycling System,9551,TT-5-2
Fossils Through the Ages,9402,TT-5-3
Age of the Giants -dinosaurs,9401,TT-5-3
Landbirds- Migratory Birds of the Southeast,9430,TT-5-4
Birds of the Sierra Nevada,9592,TT-5-4
Animals/ Plants - Endangered Species the Road to Recovery,9429,TT-5-4
Morphlogy of the Flower,4794,TT-5-4
Dragonfly Nymph,1995,K--1-35
Squirrel Skull,2335,E-3-52
Squirrel Skull Display ,1134,E-3-53 
Ground Squirrel Skull ,2344,E-3-36
Cat Skull ,1133,E-3-37
Racoon Skull,1828,E-3-56 
Beaver skull,1829,E-3-57
Opossum Skull,1847,E-3-58
Beaver Skull ,1444,E-3-59
Shark Jaw ,8318,E-1-31
Fossil Skull Bone ,7540,E-1-31 
Grasshopper Mouth Parts,2286,I-3-2
Cockroach,2006,I-3-2
Bristle Tails,2284,I-3-2
Reticulitermes Flaripe,2276,I-3-2
Grasshopper Mouth Parts ,2287,I-3-2
Lice,2279,I-3-2
Lice,2280,I-3-2
Insect Leg Adapations,2282,I-3-2
Cockroach,7950,I-3-2
Termite and Ants,2281,I-3-2
Reticulitermes Flaripe,2278,I-3-2
Grasshopper Mouth Part,2288,I-3-2
Conch Shell,9724,I-3-3
Brown Coral,3651,I-3-3
Sponge,3652,I-3-3
Purple Seashell ,1421,I-3-3
Purple Seashell ,1599,I-3-3
Sand Dollars ,1604,I-3-3
Sea Urchin,4647,I-3-3
Sea Urchin,4649,I-3-3
Sea Urchin,4648,I-3-3
Sea Urchin,3282,I-3-3
Sand Dollar,3978,I-3-3
Big Sand Dollar,6803,I-3-3
Shiny Seashell,1155,I-3-3
Flat Shell,3049,I-3-3
Barnacle,9725,I-3-3
Curved Shells,3088,I-3-3
Barnacle,3113,I-3-3
Purple Seashell ,9726,I-3-3
Mussel,3129,I-3-3
Assortment of Shells,3658,I-3-3
Large Closed Clam Shells,3279,I-3-3
Dunce Cap Limpets,2898,I-3-3
Small Snail Shell,9727,I-3-3
Small Snail Shell,9728,I-3-3
Snail Shell,2942,I-3-3
Medium Snail Shell,9729,I-3-3
Large Snail Shell,9730,I-3-3
Assortment of Small Shells,9731,I-3-3
Small Conical Shells,9732,I-3-3
Shell,1350,I-3-3
Shell,9733,I-3-3
Shell,9734,I-3-3
Shell,9735,I-3-3
Shell,9736,I-3-3
Shell,9737,I-3-3
Shell,9738,I-3-3
Shell,9739,I-3-3
Shell,9740,I-3-3
Shell,9741,I-3-3
Starfish,1418,I-3-3
Starfish,2517,I-3-3
Starfish (mini),2427,I-3-3
Bat Starsifh,2426,I-3-3
Starfish,1462,I-3-3
Starfish,7783,I-3-3
"China Bend, Washington State",4510,I-4-1
Landforms,8947,I-4-1
Protective Form and Coloration of Insects,2199,I-4-2
Protective Form and Coloration of Insects,2298,I-4-2
Life on the Forest Floor,2707,I-4-2
Insect Speciman,9742,I-4-2
Insect Speciman,9743,I-4-2
Butterfly Speciman,9744,I-4-2
Beetle Speciman,9745,I-4-2
Scarab Beetles,1208,I-4-2
Hercules Beetle,1206,I-4-2
Termite Eaten Wood ,2160,I-4-2
Mud Dauber Wasp Nest,2165,I-4-2
Termite Eaten Wood ,2162,I-4-2
The Cell Game,4831,I-4-3
Bear Foot Print,2032,I-4-3
Racoon Foot Print,2347,I-4-3
Deer Foot Print,2031,I-4-3
Racoon Foot Print,2346,I-4-3
24 bp DNA Model,5586,I-4-3
Large Teeth,1735,I-4-3
R-DNA Model Kit,5585,I-4-3
Human Skull,1924,I-4-3
Human Skull,7569,I-4-3
R-DNA Model Kit,5579,I-4-3
DNA Kit with Booklet,2817,I-4-3
Commerical Sponge,3965,H-1-2
Cladonia Fructicose Fungi,2696,H-1-2
Marine Algae,6147,H-1-2
Foliose Lichen,2947,H-1-2
Green Algae,2443,H-1-2
Foliose Lichen,2987,H-1-2
Mushroom Types,2439,H-1-2
Lichen,2445,H-1-2
Lichen,2847,H-1-2
Lichen,2848,H-1-2
Lichen,2845,H-1-2
Lichen,2842,H-1-2
Rockweed,3967,H-1-2
Fan Coral,1417,H-1-2
Sea Fan,1409,H-1-2
Coral,3878,H-1-2
Rock for Ocean,9746,H-1-2
White Coral,1408,H-1-2
Reef Forming Coral,3964,H-1-2
Small Coral,9747,H-1-2
Oregon Oak,4544,H-1-3
Valley Oak Acorns,2371,H-1-3
Acorn Tan Oak,2381,H-1-3
Valley Oak Acorns,2382,H-1-3
Teaching Device,2438,H-1-3
Fruit Types,4546,H-1-3
Tan Oak,3940,H-1-3
Lithocarpus Densiflora,3943,H-1-3
Tan Oak,4540,H-1-3
Lithocarpus Densiflora,4543,H-1-3
Soy Bean,4548,H-1-3
Mourning Cloak Butterfly,3151,H-1-3
Butterfly,3165,H-1-3
Butterfly,6142,H-1-3
Isoptera Damage to Wood ,2191,H-1-3
Mourning Cloak Butterfly,3164,H-1-3
Painted Lady Butterfly,2070,H-1-3
Cabbage White Butterfly,3167,H-1-3
Blue Footed Booby,8146,H-2-1
Barn Owl Tail Feather,8275,H-2-1
Gopher Snake,9748,H-2-1
Rosey Boa Snake,1203,H-2-1
Gopher Snake,1204,H-2-1
Cell Model,1699,H-2-2
Shell Molds,8849,H-2-2
Spermatophytes,3725,H-2-2
Bryophytes,3724,H-2-2
Group of Common Mosses,3721,H-2-2
Pteridophytes,3722,H-2-2
Coral,3650,H-2-2
Nano Kit B-DNA,7386,H-3-1
Molecular Model Set,2053,H-3-1
Molecular Model ,2400,H-3-1
Molecular Model ,2398,H-3-1
Molecular Model ,2402,H-3-1
Molecular Model ,2406,H-3-1
Molecular Model ,2365,H-3-1
Molecular Model ,6778,H-3-1
Molecular Student Set,9750,H-3-1
Molecular Student Set,9751,H-3-1
Nano Activity Kits,7996,H-3-2
Nano Kit Supplies,8906,H-3-2
Exploring the Nanoworld,9752,H-3-2
Exploring the Nanoworld,9753,H-3-2
Giant Molecular Model,6754,H-3-2
Assortment of Shells,3128,P-19-1
Large Oyster,3112,P-19-2
Oyster,3227,P-19-3
Sea Glass,9761,P-19-4
Scallop- Paramencium Cauclatum,3090,P-19-5
Small Oysters,3657,P-19-6
Small Mussels,3672,P-19-7
Small Clams,3656,P-19-8
Mussel with Barnacle,3659,P-19-9
Small Shells,9762,P-19-10
Small Mussels,3221,P-19-11
Small Shells,9763,P-19-12
Acorn Barnacles on Mussels,2907,P-19-13
Pearl Oyster Shell,8780,P-19-14
Barnicles ,5434,P-19-15
Small Clams,3671,P-19-16
Scallop,3030,P-19-17
Shells,9764,P-19-18
Shells,9765,P-19-19
Shells,9766,P-19-20
Shells,9767,P-19-21
Shells,9768,P-19-22
Shells,9769,P-19-23
Small Shells,9770,P-19-24
Assortment of Shells,9771,P-19-24
Shell,9701,P-19-24
Tarantula Shed,2243,P-20-1
Spider Skin Shed,9702,P-20-2
Spider Skin Shed,9703,P-20-3
Tarantula Shed,1469,P-20-4
Tarantula Shed,1586,P-20-5
Canbarus Crayfish,2832,P-20-6
Canbarus Crayfish,3879,P-20-7
Twig with Halite Crystals,9772,P-20-8
Tarantula,2002,P-20-9
Tarantula,2161,P-20-10
Scorpions,6073,P-20-11
Scorpion,3883,P-20-12
Crayfish ,3885,P-20-13
Dermacentor variabilis,6011,P-20-14
Dermacentor andersoni,6029,P-20-15
Dermacentor andersoni,6017,P-20-16
Dermacentor andersoni,6021,P-20-17
Ticks,6026,P-20-18
Ticks,6030,P-20-19
Shrimp Egg,6014,P-20-20
Pig Ringworm,2915,P-20-21
,,P-20-22
Horseshoe Crab,6072,P-20-23
Lamprey through Mouth,6009,P-20-24
,,P-20-25
Tick,6016,P-20-26
Funnei Web Spider,2003,P-20-27
Dog Tapeworm,6022,P-20-28
Shell,9704,P-20-29
Centipede ,3887,P-20-30
Crangon Edible Shrimp,1880,P-20-31
Scorpion,3884,P-20-32
,,P-20-33
Black Widow Spider,1588,P-20-34
Spider with Web,1466,P-20-35
Sea Spider,5429,P-20-36
Black Widow Spider,1968,P-20-37
Tarantula,1213,P-20-38
,,P-20-39
Spider,1587,P-20-40
Aracnid Types,3882,P-20-41
Bomby Mori Life History,1884,P-20-42
Aracnid Types,2005,P-20-43
Centipede,2833,P-20-44
Milipede,2911,P-20-45
Horseshoe Crab,1583,P-20-46
Gammarus (Large Amphipod),6066,P-20-47
Julus (Millipede),6023,P-20-47
Ciona,6007,P-20-47
Dolichoglossus,6004,P-20-47
Ciona,6008,P-20-47
Lichen,2834,P-20-47
Unknown Insect,6005,P-20-47
Taenia pisiformis,6024,P-20-47
Balanus Banoides,6012,P-20-47
Demacentor Variabilis,6020,P-20-47
Small Horseshoe Crab,6010,P-20-47
Ticks,1879,P-20-47
Ticks,2910,P-20-47
Reticulitermes Flavipes,6015,P-20-47
Dog Tapeworm,6028,P-20-47
Daphnia,6027,P-20-47
Unknown Insect,6002,P-20-47
Fiddler Crab,6000,P-20-47
Horseshoe Crab,1582,P-20-47
Gammarus,6070,P-20-47
Dermacentor variabilis,6018,P-20-47
Ticks,6071,P-20-47
Scolopendra,6013,P-20-47
Boophilis Dermacentor Ticks ,6025,P-20-47
Peripatus,6003,P-20-47
Flea,6001,P-20-47
Hydra,2927,P-20-47
Pacific Isopod,6069,P-20-47
Scorpion,5019,P-20-47
Julus Millipede,2912,P-20-47
Perch Skeleton,1578,P-21-1
Frog Skeleton,1184,P-21-2
Gulf Fritllatay Butterflies,2067,P-21-3
Mourning Cloak Butterfly and Cabbage Butterfly,3160,P-21-4
Dead Leaf Butterfly,2888,P-21-5
Butterfly Collection,3854,P-21-6
Seahorse Skeleton,8058,P-21-7
Seahorse,1883,P-21-8
Perch Fish Skeleton,1190,P-21-9
Perch Fish Skeleton,1577,P-21-10
Swallow Tail Butterfly,2062,P-21-11
Swallow Tail Butterfly,1999,P-21-12
Mourning Cloak Butterfly,3150,P-21-13
Fritillary Butterfly,3154,P-21-14
Butterflies (Gulf Fritilbury),1905,P-21-15
Fritillary Butterfly,3156,P-21-16
,,P-21-17
Fritillary Butterfly,3155,P-21-18
California Buckeye,3158,P-21-19
Cabbage Butterfly,3159,P-21-20
Painted Lady Butterfly,5278,P-21-21
Checkerspot,1998,P-21-22
California Buckeye,3166,P-21-23
Frog Metamorphosis,7401,P-21-24
Frog ,1876,P-21-25
Chick Embryos,1584,P-21-26
,,P-21-27
Perch Skeleton,1577,P-21-28
Frog Eggs,1888,P-21-29
Frog Eggs,1887,P-21-30
Fish Scales,1886,P-21-31
Ammocoetes Larva,1878,P-21-32
Fish Scales,1885,P-21-33
,,P-21-34
Frog Eggs,1887,P-21-35
Frog Life History ,1874,P-21-36
Mourning Cloak Butterfly,2065,P-21-37
Mourning Cloak Butterfly,3161,P-21-38
Monarch Butterfly,2058,P-22-1
Mourning Cloak Butterfly,3152,P-22-2
Monarch Butterflies,1401,P-22-3
Monarch Butterflies,2072,P-22-4
Mourning Cloak Butterfly,3153,P-22-5
Painted Lady,2000,P-22-6
Butterfly Life Cycle,1248,P-22-7
Male Monarch Butterfly and Pupa,1402,P-22-8
Butterfly Display,4830,P-22-9
Butterfly Display,4826,P-22-10
Butterfly Display,4823,P-22-11
Cabbage Butterflies (Pieis rapae),1247,P-22-12
West Coast Lady Butterflies,2074,P-22-13
Swallow Tail Butterfly,3856,P-22-14
Monarch Butterfly,2059,P-22-15
Butterfly Display,4822,P-22-16
Butterfly Display,4829,P-22-17
Butterfly Display,4825,P-22-18
Butterfly Display,4827,P-22-19
Butterfly Display,4824,P-22-20
Butterfly Display,4828,P-22-21
California Buckeye,3157,P-22-22
Butterfly Life History in Resin,1243,P-22-23
Mourning Cloak and Fritiiary Butterfly,2066,P-22-24
Fritillary Butterflies,2071,P-22-25
Monarch Butterflies,2068,P-22-26
Monarch Butterfly,2057,P-22-27
"Monarch Butterfly Larva, Pupa and Adult",2069,P-22-28
Monarch Butterfly,1245,P-22-29
Swallow Tail Butterfly,2061,P-22-30
Swallow Tail Butterfly,2063,P-22-31
Swallow Tail Butterfly,2064,P-22-32
Swallow Tail Butterfly,2060,P-22-33
Butterfly,2001,P-22-34
Butterfly Collection,2075,P-22-35
Butterfly Mount,1249,P-22-36
Types of Lepidoptera Antennae,2073,P-22-37
Monarch Butterfly Riker Mount,1244,P-22-38
Butterfly Mount,1246,P-22-39
Resource Name,0,Location DH
Creating a Spectroscope,8917,NN-1
Spectroscope Kit,8303,NN-2
Defraction Graftings,8736,NN-3
Centripetal Force Appartus Newton's 2nd Law Appartus,8918,NN-4
Lense Activity,8919,NN-5
DC Lights for Optics Benches,6788,NN-6
Optics,8920,NN-7
Water Lense Kit,8923,NN-8
Color Dynamics and Color Filters,8921,NN-9
Gem Color Filter Activities,8300,NN-10
Overhead Projector Polariod w/ Cellophane,8738,NN-11
Water Prism Activity,3274,NN-12
Mirrors Activity Kit,8737,NN-13
Anamorphic Graphs (Polar Graphing) W/ Circular Mirros,8922,NN-14
Pupil Activity,7399,NN-15
DC Optics Bench Sets (8) Add Metersticks,6787,NN-16
Temperature Probes Computer Connectors,8924,NN-17
Magnifying Hand Lenses,8784,NN-18
Compasses,5907,NN-19
Compasses,8925,NN-20
Electric Multi-meters,6797,NN-21
Mini Physics Kits,8926,NN-22
Hand Generators,8927,NN-23
Stop Watches,8928,NN-24
DC Buzzers and Bells,8929,NN-25
Doorbell Switches,8930,NN-26
Switches,8931,NN-27
Switches,8932,NN-28
Mini-Electricity Kits,8933,NN-29
Electric and Battery Car,8934,NN-30
Business Card Circuits Circuit Boards,9168,NN-31
Nail Electro-Magnet Kit,8935,NN-32
Halogen Lamp,8943,F-2-1
Dissecting Microscope,1795,F-2-1
Bausch & Lomb Microscope,1101,G-2-2
Bausch & Lomb Microscope,1078,G-2-2
Bausch & Lomb Microscope,1076,G-2-3
Bausch & Lomb Microscope,1084,G-2-3
Bausch & Lomb Microscope,1071,G-2-3
Bausch & Lomb Microscope,1082,G-2-4
Bausch & Lomb Microscope,1072,G-2-4
Bausch & Lomb Microscope,1069,G-2-4
Hydrometers,7770,MM-1
Blocks,8937,MM-2
Exploring Magnet Kit,6795,MM-3
Magnet (bar),8938,MM-4
Chromotography Paper,8939,MM-5
PH Analyzer,8940,MM-6
Litmus Paper,8909,MM-7
Pulley Kit,8941,MM-8
Create a Table Card Game,1193,MM-9
Tuning Forks,1716,MM-10
"Sound (mini kit,mallets, rattles,combs)",8942,MM-11
Protractors Altimeters,7392,MM-12
Plastic Slinkies,6798,MM-13
Plastic Slinkies,6798,MM-14
Extra Long Slinkies,5560,MM-15
Metal Slinkies,4644,MM-16
Traveling Through Biotechnology,1707,TT-4-4
How Do Drugs Work,4789,TT-4-4
Marble loop track,8316,S-1-2
Triple Beam Balance ,5267,I-1-1
Triple Beam Balance ,5266,I-1-1
Spectroscope,8434,J-1-3
Analyzing Light Curves,8891,J-2-1
Flame Test Kit,8905,J-2-2
Flame Calorimeter,9653,J-2-2
Vernier LabPro,6767,J-2-2
Vernier LabPro,6762,J-2-2
Radiometer,7714,J-2-3
2 Liquid Crystal Thermometers,8944,J-2-3
5 Thermometers,8862,J-2-3
5 Thermometers,8863,J-2-3
Soil Thermometers,8864,J-2-3
Deep Fryer Thermometers,8865,J-2-3
Plastic Lense Kit,7999,J-3-1
Paper Cup Speaker Kit,9650,J-3-1
Lux Meters,8439,J-3-2
Color Mixing,7998,J-3-2
Acid Rain,8732,J-3-3
Color Vision Box,7997,J-3-3
2 Dial Thermometers,8313,J-4-1
Psychrometer Kit,8883,J-4-1
32 Thermometers,8857,J-4-1
Elementary Sound Box B,6799,J-4-1
Salty Eight Card Game,8734,J-4-2
Elementary Sound Box A,8948,J-4-2
Heat Proof Glove (Right Hand),2931,J-4-3
Beaker Tong,2933,J-4-3
Heat Proof Glove (Left Hand),2930,J-4-3
40 Safety Glasses,1711,J-4-3
Simple Machine Kit,8912,MM-17
Simple Machine Kit,8913,MM-17
Fastner Unit Kit,8914,MM-17
Pulley Kit,7987,MM-18
Pulley Kit,8885,MM-19
Pulley Kit,8910,MM-20
On and Off Switches,4816,MM-21
Spring Scale,7391,MM-22
Polarized Light Kit,8888,MM-23
Test for Color Blindness,6793,MM-24
Sound Level Meter,2395,MM-24
Anemometer,3846,MM-24
Battery Holders,8784,MM-25
Switches,6843,MM-25
DC Circuit Kit #1,6796,MM-26
Stopwatches,4626,MM-27
Small Magnifying Glass,7402,MM-28
Medium Magnifying Glass,7403,MM-28
Large Magnifying Glass,7404,MM-28
Friction Blocks,6783,MM-29
Measuring Weight Multimedia,8890,MM-30
Exploring Magnets Kit,6795,MM-31
Magnet ,1262,MM-32
Inertial balance Kit,2354,N-2-1
Digital Kitchen Scale,8446,N-2-1
Power Supply,9668,N-2-1
Rechargable Battery,9675,N-2-1
Magnetizer,9676,N-2-1
Newton's Cradle,8430,N-2-1
Plasma Ball,8429,N-2-1
Force Pump,1533,N-2-2
Bell Jar,9688,M-1-2
Bell Jar Bottom,9689,M-1-2
Battery Holder (Blue plastic) ,5564,M-2-1
Battery Holder (metal) ,5565,M-2-1
Gear and Levers,8911,M-2-1
Watch Glasses,9690,M-2-1
Refraction ,7399,M-2-1
Circuit Mount,3794,M-2-1
Electrical Clips,3798,M-2-1
Battery Holder,3795,M-2-1
Gas Law,9691,M-2-1
Kill A Watt Unit,8426,M-4-3
Steam Engine,8314,M-3-3
Geiger Counter CDB-700,7587,M-4-1
Vacuum Pump,6126,M-4-1
Vacuum Pump,1948,M-4-2
Magnetism Kit,9693,M-4-3
"Iron Filing Sheets (small hard plastic - 2"" x 3"")",6839,M-4-3
"Iron Filing Sheets (8.5"" x 11"")",1430,M-4-3
Circuit Activity,9694,M-3-2
Green Ninja Thermometer and Humidity Monitor,8498,M-4-4
Green Ninja Box A,7451,M-4-4
Ping Pong Ball,9706,L-1-1
Levitron Anti-Gravity Top,6827,L-1-1
Toy Motor Kit,5254,L-1-3
Binoculars,5259,L-1-3
UV Lamp,7775,L-1-4
UV Lamp,9632,L-1-4
Extra Microscope Lights,9706,L-2-1
Extra Lights,5441,L-2-1
Prisms,8889,L-2-1
Copper Coil,8741,L-2-1
Toy Motor Kit,5257,L-2-1
Magnetic Compass,5908,L-2-1
Hand Boiler,7984,L-2-1
Gyroscope,4842,L-2-1
Balancing Kit,9707,L-2-2
Laser Play Kit,8301,L-2-2
Tins and Fire Starter,9708,L-2-2
Wooden Rolling Cart,8936,L-2-2
Static Electricity Kit,8750,L-2-3
Pinhole Photography,5253,L-2-3
Laser,8302,L-2-3
165 ft Tape Measure,6106,L-3-1
165 ft Tape Measure,6104,L-3-1
Pedometer,6081,L-3-1
Counter,6084,L-3-1
Whistles,6083,L-3-1
Floater/Sinker Kit,2825,L-3-1
O2 Gas Sensor,6758,L-3-2
Voltometer,9711,L-3-3
Table Cloth Interia,9710,L-3-3
Double cone and Track Gravity,4840,L-4-1
Spool Toy Kinetic and Potential Energies Kit,8908,L-4-1
Tape Meausure,6109,L-4-2
Tape Meausure,6110,L-4-2
Mirrors,2504,L-4-2
4*6 Mirror,5444,L-4-2
Making Waves,9713,L-4-3
Tops in a Box,8884,L-4-3
Tornado Tube,8887,L-4-3
Marbles,8946,L-4-3
Extra Light Bulbs ,8881,L-4-3
Silk Wicks,9714,L-4-3
Illuminated Microscope,9715,L-4-3
Air Pump,9716,L-4-3
Screen Sieves,3670,H-2-1
Screen Sieves,3668,H-2-1
Criminal Investigation,9754,H-3-3
Clinical Trials,7995,H-3-3
PTC Paper Test Strips,7599,H-3-3
PH Tester,9755,H-3-3
Ring Clamp,8449,H-4-1
Glass Stopper,7986,H-4-1
Mystery Powders,8733,H-4-1
Magnifying Glass,8945,H-4-1
Convex Mirror,5556,H-4-1
Bug Boxes,9756,H-4-1
Chemical Bottles,9757,H-4-2
Bromothymol Blue/ Methylene Blue/ Decaffinated Tea,8907,H-4-2
"Salt, Epsom and Baking Powder",9758,H-4-2
Food Coloring,9759,H-4-3
Microscope Equipment/Tools,9760,H-4-3
States of Matter ,8700,H-4-3
Wall Hogging Mouse,8420,N-1-1
Technic 1031,4518,N-1-1
Google Cardboard,2305,N-1-1
Technic 1033,4520,N-1-1
Lens Set for Optic Disc,4517,N-1-1
Lego Pieces Technic,4817,N-1-1
Polariod Slide Mounter,8443,N-1-2
Compact Disc Player,8444,N-1-2
Lego Pieces Technic,4513,N-1-3
Stereo,8445,N-1-3
Compact Disc Player ,8444,N-1-3
Lego Pieces Technic ,4515,N-1-3
Technic Lego Set,4514,N-2-1
Legos,9677,N-2-1
Solar Powered Robots,5589,N-2-2
Math Geoboards,9678,N-2-2
Circuits,9685,M-3-1
Circuits,9686,M-3-2
Circuits Activity,9692,M-3-3
200 in 1 Electronic Project Kit,9709,L-3-2
